IMAGE_ID,NAME,NUM_FOUND,NUM_UPDATED,NUM_SKIP,NUM_NO_MATCH
2638,N459_S16_HE.ome.tiff,19,19,0,0
2607,N447_S14_HE.ome.tiff,11,11,0,0
2371,N258_S16_HE.ome.tiff,51,39,12,0
2649,N302_S09_HE.ome.tiff,10,10,0,0
2653,N303_S11_HE.ome.tiff,47,8,39,0
2657,N303_S14_HE.ome.tiff,6,5,1,0
2654,N303_S09_HE.ome.tiff,3,3,0,0
2669,N304_S17_HE.ome.tiff,22,12,10,0
2709,N229_S14_HE.ome.tiff,45,45,0,0
2720,N260_S13_HE.ome.tiff,25,25,0,0
2731,N262_S09_HE.ome.tiff,3,3,0,0
2741,N264_S12_HE.ome.tiff,53,46,7,0
2759,N265_S13_HE.ome.tiff,34,34,0,0
2780,N266_S16_HE.ome.tiff,9,9,0,0
2794,N267_S14_HE.ome.tiff,10,10,0,0
2800,N267_S17_HE.ome.tiff,6,6,0,0
2787,N267_S09_HE.ome.tiff,5,5,0,0
2766,N310_S12_HE.ome.tiff,37,15,22,0
2773,N310_S17_HE.ome.tiff,3,3,0,0
2806,N328_S19_HE.ome.tiff,9,9,0,0
2811,N328_S22_HE.ome.tiff,5,5,0,0
2817,N328_S23_HE.ome.tiff,5,5,0,0
2823,N332_S10_HE.ome.tiff,45,45,0,0
2828,N332_S14_HE.ome.tiff,31,20,11,0
2857,N270_S10_HE.ome.tiff,4,4,0,0
2862,N270_S11_HE.ome.tiff,5,5,0,0
2867,N270_S17_HE.ome.tiff,5,5,0,0
2872,N271_S10_HE.ome.tiff,61,42,19,0
2879,N271_S11_HE.ome.tiff,92,83,9,0
2876,N271_S12_HE.ome.tiff,103,97,6,0
2888,N271_S16_HE.ome.tiff,41,41,0,0
2885,N271_S17_HE.ome.tiff,4,4,0,0
2900,N272_S15_HE.ome.tiff,15,15,0,0
2906,N278_S10_HE.ome.tiff,11,11,0,0
2915,N278_S15_HE.ome.tiff,21,21,0,0
2831,N332_S09_HE.ome.tiff,7,7,0,0
2836,N333_S15_HE.ome.tiff,26,26,0,0
2841,N333_S17_HE.ome.tiff,5,5,0,0
2846,N333_S09_HE.ome.tiff,38,38,0,0
2882,N335_S11_HE.ome.tiff,2,2,0,0
2891,N335_S18_HE.ome.tiff,4,4,0,0
2894,N336_S10_HE.ome.tiff,37,37,0,0
2903,N336_S11_HE.ome.tiff,20,20,0,0
2897,N336_S13_HE.ome.tiff,32,32,0,0
2918,N337_S10_HE.ome.tiff,144,144,0,0
2912,N337_S13_HE.ome.tiff,9,9,0,0
2909,N337_S16_HE.ome.tiff,4,4,0,0
2608,N447_S16_HE.ome.tiff,25,25,0,0
2655,N303_S16_HE.ome.tiff,20,20,0,0
2662,N304_S10_HE.ome.tiff,19,19,0,0
2663,N304_S12_HE.ome.tiff,60,60,0,0
2670,N308_S10_HE.ome.tiff,5,5,0,0
2710,N259_S09_HE.ome.tiff,3,3,0,0
2721,N260_S11_HE.ome.tiff,58,44,14,0
2732,N262_S12_HE.ome.tiff,73,35,38,0
2742,N264_S09_HE.ome.tiff,24,24,0,0
2760,N265_S17_HE.ome.tiff,32,24,8,0
2781,N266_S10_HE_Deeper.ome.tiff,31,31,0,0
2788,N266_S10_HE_Deeper2.ome.tiff,68,62,6,0
2774,N266_S13_HE_Deeper2.ome.tiff,16,16,0,0
2795,N267_S11_HE.ome.tiff,36,28,8,0
2807,N268_S13_HE.ome.tiff,20,11,9,0
2812,N268_S15_HE.ome.tiff,11,11,0,0
2767,N310_S16_HE.ome.tiff,11,11,0,0
2801,N328_S17_HE.ome.tiff,5,5,0,0
2824,N331_S11_HE.ome.tiff,139,62,77,0
2818,N331_S12_HE.ome.tiff,5,5,0,0
2829,N269_S14_HE.ome.tiff,66,50,16,0
2853,N269_S12_HE.ome.tiff,37,37,0,0
2858,N269_S13_HE.ome.tiff,41,41,0,0
2834,N269_S15_HE.ome.tiff,34,26,8,0
2832,N269_S21_HE.ome.tiff,7,7,0,0
2847,N269_S22_HE.ome.tiff,4,4,0,0
2851,N269_S09_HE.ome.tiff,1,1,0,0
2837,N269_S10_HE.ome.tiff,34,34,0,0
2842,N269_S18_HE.ome.tiff,22,22,0,0
2886,N271_S14_HE.ome.tiff,65,65,0,0
2916,N278_S14_HE.ome.tiff,25,25,0,0
2901,N272_S08_HE.ome.tiff,5,5,0,0
2892,N272_S14_HE.ome.tiff,8,8,0,0
2898,N272_S12_HE.ome.tiff,57,41,16,0
2922,N278_S16_HE.ome.tiff,2,2,0,0
2889,N335_S12_HE.ome.tiff,4,4,0,0
2877,N335_S13_HE.ome.tiff,2,2,0,0
2863,N335_S14_HE.ome.tiff,4,4,0,0
2852,N335_S15_HE.ome.tiff,2,2,0,0
2868,N335_S17_HE.ome.tiff,4,4,0,0
2883,N335_S23_HE.ome.tiff,6,6,0,0
2880,N335_S25_HE.ome.tiff,4,4,0,0
2904,N336_S14_HE.ome.tiff,20,20,0,0
2895,N336_S09_HE.ome.tiff,89,83,6,0
2907,N337_S15_HE.ome.tiff,8,8,0,0
2919,N337_S09_HE.ome.tiff,17,17,0,0
2553,N494_S12_HE.ome.tiff,21,21,0,0
2573,N493_S15_HE.ome.tiff,47,47,0,0
2594,N492_S13_HE.ome.tiff,27,27,0,0
2656,N303_S08_HE.ome.tiff,5,5,0,0
2671,N308_S11_HE.ome.tiff,30,5,25,0
2701,N229_S16_HE.ome.tiff,4,4,0,0
2711,N259_S16_HE.ome.tiff,6,6,0,0
2722,N260_S08_HE.ome.tiff,4,4,0,0
2752,N265_S09_HE.ome.tiff,15,15,0,0
2789,N267_S13_HE.ome.tiff,18,18,0,0
2813,N268_S17_HE.ome.tiff,7,7,0,0
2761,N310_S14_HE.ome.tiff,22,22,0,0
2768,N310_S18_HE.ome.tiff,6,6,0,0
2775,N310_S09_HE.ome.tiff,21,21,0,0
2782,N327_S13_HE.ome.tiff,11,11,0,0
2802,N328_S14_HE.ome.tiff,19,7,12,0
2796,N328_S16_HE.ome.tiff,5,5,0,0
2819,N331_S08_HE.ome.tiff,21,21,0,0
2825,N332_S13_HE.ome.tiff,65,19,46,0
2830,N332_S16_HE.ome.tiff,11,11,0,0
2845,N269_S17_HE.ome.tiff,10,10,0,0
2859,N269_S11_HE.ome.tiff,53,53,0,0
2848,N269_S20_HE.ome.tiff,12,12,0,0
2878,N271_S09_HE.ome.tiff,76,76,0,0
2884,N271_S15_HE.ome.tiff,23,23,0,0
2899,N272_S10_HE.ome.tiff,7,7,0,0
2887,N272_S11_HE.ome.tiff,22,12,10,0
2896,N272_S13_HE.ome.tiff,20,11,9,0
2890,N272_S16_HE.ome.tiff,3,3,0,0
2905,N272_S09_HE.ome.tiff,6,6,0,0
2911,N278_S11_HE.ome.tiff,43,34,9,0
2908,N278_S13_HE.ome.tiff,42,33,9,0
2917,N278_S17_HE.ome.tiff,2,2,0,0
2924,N280_S10_HE.ome.tiff,11,11,0,0
2921,N280_S14_HE.ome.tiff,32,32,0,0
2833,N332_S12_HE.ome.tiff,24,24,0,0
2838,N333_S10_HE.ome.tiff,50,50,0,0
2843,N333_S14_HE.ome.tiff,89,88,1,0
2874,N335_S20_HE.ome.tiff,3,3,0,0
2881,N335_S08_HE.ome.tiff,8,8,0,0
2854,N335_S09_HE.ome.tiff,4,4,0,0
2893,N336_S12_HE.ome.tiff,47,47,0,0
2902,N336_S16_HE.ome.tiff,3,3,0,0
2923,N337_S11_HE.ome.tiff,31,31,0,0
2914,N337_S12_HE.ome.tiff,13,13,0,0
2925,N338_S14_HE.ome.tiff,10,10,0,0
1968,N352_S11_HE.ome.tiff,50,50,0,0
415,N107_S12_HE_Deeper_2.ome.tiff,11,11,0,0
2554,N494_S13_HE.ome.tiff,40,40,0,0
2595,N492_S15_HE.ome.tiff,12,12,0,0
2596,N492_S14_HE.ome.tiff,31,31,0,0
2686,N478_S15_HE.ome.tiff,18,18,0,0
2658,N303_S10_HE.ome.tiff,4,4,0,0
2672,N308_S15_HE.ome.tiff,5,5,0,0
258,N127_S10_HE.ome.tiff,85,76,9,0
260,N127_S11_HE.ome.tiff,57,57,0,0
263,N127_S12_HE.ome.tiff,20,20,0,0
261,N127_S09_HE.ome.tiff,73,53,20,0
252,N128_S10_HE.ome.tiff,105,0,105,0
253,N128_S11_HE.ome.tiff,74,36,38,0
255,N128_S12_HE.ome.tiff,20,17,3,0
251,N128_S07_HE.ome.tiff,3,3,0,0
256,N128_S13_HE.ome.tiff,24,24,0,0
254,N128_S08_HE.ome.tiff,23,19,4,0
265,N128_S09_HE.ome.tiff,71,44,27,0
266,N129_S10_HE.ome.tiff,12,12,0,0
267,N129_S05_HE.ome.tiff,87,87,0,0
268,N129_S06_HE.ome.tiff,121,97,24,0
269,N129_S07_HE.ome.tiff,88,26,62,0
270,N129_S08_HE.ome.tiff,55,21,34,0
271,N129_S09_HE.ome.tiff,49,43,6,0
274,N130_S05_HE.ome.tiff,13,13,0,0
279,N130_S06_HE.ome.tiff,22,13,9,0
276,N130_S07_HE.ome.tiff,15,2,13,0
278,N130_S08_HE.ome.tiff,11,11,0,0
280,N130_S09_HE.ome.tiff,19,13,6,0
284,N131_S10_HE.ome.tiff,8,8,0,0
286,N131_S11_HE.ome.tiff,5,5,0,0
281,N131_S05_HE.ome.tiff,27,11,16,0
282,N131_S06_HE.ome.tiff,31,25,6,0
285,N131_S07_HE.ome.tiff,31,22,9,0
283,N131_S08_HE.ome.tiff,23,23,0,0
287,N131_S09_HE.ome.tiff,3,3,0,0
288,N132_S11_HE.ome.tiff,13,13,0,0
290,N132_S12_HE.ome.tiff,15,15,0,0
293,N132_S06_HE.ome.tiff,5,5,0,0
292,N132_S07_HE.ome.tiff,9,2,7,0
2712,N259_S13_HE.ome.tiff,18,18,0,0
2713,N259_S14_HE.ome.tiff,6,6,0,0
2723,N260_S10_HE.ome.tiff,50,42,8,0
2734,N262_S08_HE.ome.tiff,5,5,0,0
294,N132_S08_HE.ome.tiff,22,14,8,0
289,N132_S09_HE.ome.tiff,59,46,13,0
301,N134_S10_HE.ome.tiff,5,5,0,0
299,N134_S11_HE.ome.tiff,4,4,0,0
300,N134_S07_HE.ome.tiff,16,8,8,0
296,N134_S12_HE.ome.tiff,4,4,0,0
297,N134_S09_HE.ome.tiff,50,8,42,0
302,N137_S10_HE.ome.tiff,1,0,1,0
304,N137_S11_HE.ome.tiff,28,28,0,0
306,N137_S06_HE.ome.tiff,40,27,13,0
303,N137_S07_HE.ome.tiff,46,36,10,0
307,N137_S08_HE.ome.tiff,43,32,11,0
309,N140_S10_HE.ome.tiff,46,42,4,0
310,N140_S11_HE.ome.tiff,26,24,2,0
311,N140_S13_HE.ome.tiff,8,8,0,0
313,N140_S15_HE.ome.tiff,1,0,1,0
314,N140_S16_HE.ome.tiff,3,3,0,0
315,N140_S17_HE.ome.tiff,4,4,0,0
316,N140_S17_HE_Deeper.ome.tiff,3,3,0,0
318,N140_S18_HE.ome.tiff,4,4,0,0
319,N140_S06_HE.ome.tiff,3,3,0,0
321,N140_S07_HE.ome.tiff,71,38,33,0
320,N140_S07_HE_Deeper.ome.tiff,26,24,2,0
322,N140_S08_HE.ome.tiff,52,23,29,0
323,N141_S11_HE.ome.tiff,40,0,40,0
329,N141_S12_HE.ome.tiff,3,0,3,0
327,N141_S06_HE.ome.tiff,114,110,4,0
325,N141_S07_HE.ome.tiff,122,113,9,0
326,N141_S08_HE.ome.tiff,102,79,23,0
328,N141_S09_HE.ome.tiff,1,0,1,0
359,N101_S10_HE.ome.tiff,4,4,0,0
360,N101_S12_HE.ome.tiff,4,4,0,0
362,N101_S06_HE.ome.tiff,53,46,7,0
358,N101_S08_HE.ome.tiff,18,15,3,0
361,N101_S09_HE.ome.tiff,15,14,1,0
363,N102_S10_HE.ome.tiff,110,97,13,0
372,N102_S11_HE.ome.tiff,81,62,19,0
370,N102_S12_HE.ome.tiff,77,58,19,0
364,N102_S13_HE.ome.tiff,26,26,0,0
369,N102_S14_HE.ome.tiff,5,5,0,0
366,N102_S08_HE.ome.tiff,54,39,15,0
377,N103_S11_HE.ome.tiff,19,19,0,0
371,N102_S09_HE.ome.tiff,53,53,0,0
381,N103_S10_HE.ome.tiff,40,16,24,0
380,N103_S12_HE.ome.tiff,5,5,0,0
379,N103_S13_HE.ome.tiff,1,1,0,0
382,N103_S14_HE.ome.tiff,2,2,0,0
376,N103_S08_HE.ome.tiff,58,38,20,0
378,N103_S06_HE.ome.tiff,24,24,0,0
373,N103_S09_HE.ome.tiff,19,19,0,0
383,N104_S11_HE.ome.tiff,28,28,0,0
330,N142_S06_HE.ome.tiff,42,14,28,0
331,N142_S07_HE.ome.tiff,41,31,10,0
332,N142_S08_HE.ome.tiff,38,0,38,0
333,N142_S09_HE.ome.tiff,24,22,2,0
335,N143_S10_HE_Deeper.ome.tiff,6,6,0,0
334,N143_S10_HE.ome.tiff,2,0,2,0
336,N143_S11_HE.ome.tiff,2,2,0,0
337,N143_S05_HE.ome.tiff,8,0,8,0
338,N143_S07_HE.ome.tiff,137,127,10,0
339,N143_S08_HE.ome.tiff,83,69,14,0
340,N143_S09_HE.ome.tiff,70,57,13,0
344,N145_S10_HE.ome.tiff,25,18,7,0
345,N145_S11_HE.ome.tiff,7,7,0,0
343,N145_S13_HE.ome.tiff,9,9,0,0
341,N145_S12_HE.ome.tiff,6,6,0,0
342,N145_S14_HE.ome.tiff,4,4,0,0
346,N145_S06_HE.ome.tiff,13,9,4,0
347,N145_S07_HE.ome.tiff,19,12,7,0
348,N145_S08_HE.ome.tiff,17,8,9,0
349,N145_S09_HE.ome.tiff,12,9,3,0
357,N146_S10_HE.ome.tiff,42,30,12,0
350,N146_S11_HE.ome.tiff,11,11,0,0
355,N146_S12_HE.ome.tiff,11,11,0,0
353,N146_S05_HE.ome.tiff,21,21,0,0
351,N146_S06_HE.ome.tiff,22,16,6,0
352,N146_S07_HE.ome.tiff,32,19,13,0
356,N146_S08_HE.ome.tiff,75,57,18,0
354,N146_S09_HE.ome.tiff,63,41,22,0
386,N104_S14_HE.ome.tiff,2,2,0,0
387,N104_S05_HE.ome.tiff,8,8,0,0
390,N104_S06_HE.ome.tiff,20,20,0,0
385,N104_S07_HE.ome.tiff,63,52,11,0
384,N104_S08_HE.ome.tiff,73,50,23,0
391,N104_S09_HE.ome.tiff,101,65,36,0
404,N105_S10_HE.ome.tiff,91,56,35,0
397,N105_S11_HE.ome.tiff,5,5,0,0
396,N105_S12_HE.ome.tiff,80,62,18,0
400,N105_S13_HE.ome.tiff,31,31,0,0
402,N105_S14_HE.ome.tiff,37,28,9,0
394,N105_S15_HE.ome.tiff,19,19,0,0
392,N105_S18_HE.ome.tiff,21,21,0,0
401,N105_S19_HE.ome.tiff,44,44,0,0
399,N105_S09_HE.ome.tiff,34,34,0,0
403,N105_S08_HE.ome.tiff,2,2,0,0
398,N105_S07_HE.ome.tiff,4,4,0,0
395,N105_S06_HE.ome.tiff,6,6,0,0
408,N106_S10_HE.ome.tiff,9,7,2,0
411,N106_S11_HE.ome.tiff,2,2,0,0
405,N106_S05_HE.ome.tiff,24,19,5,0
410,N106_S06_HE.ome.tiff,89,38,51,0
418,N107_S10_HE.ome.tiff,42,42,0,0
407,N106_S07_HE.ome.tiff,70,23,47,0
409,N106_S09_HE.ome.tiff,16,16,0,0
416,N107_S11_HE.ome.tiff,38,31,7,0
414,N107_S13_HE.ome.tiff,2,2,0,0
417,N107_S05_HE.ome.tiff,14,14,0,0
420,N107_S06_HE.ome.tiff,37,37,0,0
423,N108_S10_HE.ome.tiff,35,15,20,0
412,N107_S07_HE.ome.tiff,101,89,12,0
413,N107_S08_HE.ome.tiff,42,34,8,0
419,N107_S09_HE.ome.tiff,46,41,5,0
425,N108_S12_HE.ome.tiff,2,2,0,0
427,N108_S13_HE.ome.tiff,4,4,0,0
424,N108_S05_HE.ome.tiff,13,11,2,0
426,N108_S06_HE.ome.tiff,43,40,3,0
421,N108_S07_HE.ome.tiff,78,62,16,0
422,N108_S09_HE.ome.tiff,39,12,27,0
438,N110_S10_HE.ome.tiff,98,32,66,0
436,N110_S11_HE.ome.tiff,26,24,2,0
433,N110_S12_HE.ome.tiff,6,5,1,0
429,N110_S05b_HE.ome.tiff,3,3,0,0
440,N110_S13_HE.ome.tiff,9,7,2,0
435,N110_S05a_HE.ome.tiff,3,3,0,0
430,N110_S05b_HE_Deeper.ome.tiff,8,8,0,0
431,N110_S06_HE.ome.tiff,4,4,0,0
441,N110_S09_HE.ome.tiff,59,25,33,1
432,N110_S07_HE.ome.tiff,38,19,19,0
434,N110_S08_HE.ome.tiff,63,12,51,0
446,N111_S10_HE.ome.tiff,36,36,0,0
447,N111_S11_HE.ome.tiff,25,25,0,0
444,N111_S05_HE.ome.tiff,1,1,0,0
443,N111_S06_HE.ome.tiff,25,25,0,0
445,N111_S08_HE.ome.tiff,34,27,7,0
449,N111_S09_HE.ome.tiff,35,28,7,0
457,N112_S10_HE.ome.tiff,71,42,29,0
453,N112_S11_HE.ome.tiff,144,60,84,0
450,N112_S12_HE.ome.tiff,87,63,24,0
455,N112_S13_HE.ome.tiff,49,49,0,0
459,N112_S14_HE.ome.tiff,38,33,5,0
458,N112_S15_HE.ome.tiff,19,19,0,0
456,N112_S16_HE.ome.tiff,5,5,0,0
452,N112_S18_HE.ome.tiff,4,4,0,0
463,N113_S10_HE.ome.tiff,7,6,4,0
451,N112_S08_HE.ome.tiff,24,24,0,0
464,N113_S12_HE.ome.tiff,4,4,0,0
462,N113_S11_HE.ome.tiff,9,9,0,0
466,N113_S06_HE.ome.tiff,30,18,12,0
460,N113_S05_HE.ome.tiff,31,31,0,0
461,N113_S07_HE.ome.tiff,33,19,14,0
465,N113_S08_HE.ome.tiff,22,6,16,0
467,N113_S09_HE.ome.tiff,6,6,0,0
471,N114_S10_HE.ome.tiff,31,16,15,0
468,N114_S11_HE.ome.tiff,16,10,6,0
477,N114_S12_HE.ome.tiff,38,12,26,0
476,N114_S14_HE.ome.tiff,5,5,0,0
475,N114_S15_HE.ome.tiff,5,5,0,0
472,N114_S16_HE.ome.tiff,6,6,0,0
469,N114_S07_HE.ome.tiff,9,7,2,0
473,N114_S08_HE.ome.tiff,11,11,0,0
474,N114_S09_HE.ome.tiff,20,20,0,0
481,N115_S11_HE.ome.tiff,23,16,7,0
478,N115_S10_HE.ome.tiff,35,25,10,0
479,N115_S05_HE.ome.tiff,45,36,9,0
482,N115_S06_HE.ome.tiff,37,26,11,0
483,N115_S07_HE.ome.tiff,19,10,9,0
480,N115_S08_HE.ome.tiff,27,27,0,0
492,N118_S10_HE.ome.tiff,37,37,0,0
487,N118_S11_HE.ome.tiff,32,32,0,0
485,N118_S12_HE.ome.tiff,33,33,0,0
489,N118_S13_HE.ome.tiff,9,9,0,0
488,N118_S05_HE.ome.tiff,11,11,0,0
493,N118_S14_HE.ome.tiff,15,7,8,0
490,N118_S06_HE.ome.tiff,75,38,37,0
486,N118_S07_HE.ome.tiff,36,26,10,0
491,N118_S08_HE.ome.tiff,59,35,24,0
494,N118_S09_HE.ome.tiff,38,38,0,0
495,N119_S11_HE.ome.tiff,5,5,0,0
496,N119_S08_HE.ome.tiff,48,27,21,0
499,N119_S07_HE.ome.tiff,61,29,32,0
498,N119_S09_HE.ome.tiff,50,23,27,0
552,N102_S06_HE.ome.tiff,12,12,0,0
554,N105_S16_HE.ome.tiff,26,26,0,0
556,N107_S12_HE.ome.tiff,11,11,0,0
507,N120_S10_HE.ome.tiff,5,5,0,0
555,N107_S12_HE_Deeper.ome.tiff,7,7,0,0
557,N110_S05_HE.ome.tiff,2,2,0,0
501,N120_S11_HE.ome.tiff,4,4,0,0
502,N120_S12_HE.ome.tiff,5,5,0,0
503,N120_S14_HE.ome.tiff,8,8,0,0
504,N120_S05_HE.ome.tiff,7,7,0,0
508,N120_S05_HE_Deeper.ome.tiff,2,2,0,0
506,N120_S06_HE.ome.tiff,38,16,22,0
509,N120_S07_HE.ome.tiff,21,11,10,0
505,N120_S08_HE.ome.tiff,27,10,17,0
515,N121_S10_HE.ome.tiff,11,9,2,0
513,N121_S11_HE.ome.tiff,4,4,0,0
512,N121_S06_HE.ome.tiff,16,11,5,0
516,N121_S06_HE_Deeper.ome.tiff,12,5,7,0
511,N121_S07_HE.ome.tiff,16,3,13,0
514,N121_S08_HE.ome.tiff,5,3,2,0
510,N121_S09_HE.ome.tiff,76,37,39,0
522,N123_S11_HE.ome.tiff,8,8,0,0
518,N123_S06_HE.ome.tiff,77,47,30,0
517,N123_S12_HE.ome.tiff,3,3,0,0
523,N123_S05_HE.ome.tiff,10,8,2,0
520,N123_S07_HE.ome.tiff,59,22,37,0
519,N123_S09_HE.ome.tiff,24,12,12,0
528,N124_S10_HE.ome.tiff,33,32,1,0
524,N124_S11_HE.ome.tiff,11,11,0,0
529,N124_S12_HE.ome.tiff,22,21,1,0
530,N124_S13_HE.ome.tiff,3,3,0,0
531,N124_S05_HE.ome.tiff,8,8,0,0
525,N124_S07_HE.ome.tiff,58,39,19,0
526,N124_S08_HE.ome.tiff,42,35,7,0
527,N124_S09_HE.ome.tiff,108,56,52,0
533,N125_S10_HE.ome.tiff,7,7,0,0
535,N125_S06_HE.ome.tiff,31,3,28,0
537,N125_S07_HE.ome.tiff,13,2,11,0
539,N125_S08_HE.ome.tiff,22,7,15,0
532,N125_S09_HE.ome.tiff,4,4,0,0
546,N126_S10_HE.ome.tiff,39,24,15,0
547,N126_S13_HE.ome.tiff,6,6,0,0
545,N126_S06_HE.ome.tiff,39,39,0,0
540,N126_S05_HE.ome.tiff,27,27,0,0
544,N126_S07_HE.ome.tiff,106,106,0,0
541,N126_S09_HE.ome.tiff,49,9,40,0
549,N127_S08_HE.ome.tiff,40,37,3,0
558,N112_S17_HE.ome.tiff,6,6,0,0
559,N118_S15_HE.ome.tiff,4,4,0,0
560,N119_S10_HE.ome.tiff,5,5,0,0
561,N119_S12_HE.ome.tiff,6,6,0,0
562,N119_S06_HE.ome.tiff,31,24,7,0
563,N121_S05_HE.ome.tiff,6,6,0,0
564,N126_S14_HE.ome.tiff,2,2,0,0
565,N128_S05_HE.ome.tiff,2,2,0,0
567,N140_S19_HE.ome.tiff,2,2,0,0
2575,N496_S11_HE.ome.tiff,87,87,0,0
2611,N447_S17_HE.ome.tiff,6,6,0,0
2659,N303_S15_HE.ome.tiff,58,58,0,0
2673,N308_S14_HE.ome.tiff,2,2,0,0
568,N143_S12_HE.ome.tiff,2,0,2,0
573,N424_S09_HE.ome.tiff,7,7,0,0
569,N424_S10_HE.ome.tiff,50,39,11,0
570,N424_S11_HE.ome.tiff,70,21,49,0
571,N424_S12_HE.ome.tiff,47,46,1,0
572,N424_S13_HE.ome.tiff,11,11,0,0
2714,N259_S11_HE.ome.tiff,37,31,6,0
2724,N260_S12_HE.ome.tiff,31,26,5,0
2744,N264_S14_HE.ome.tiff,22,22,0,0
2753,N265_S16_HE.ome.tiff,41,11,30,0
2556,N494_S15_HE.ome.tiff,38,38,0,0
2576,N496_S13_HE.ome.tiff,7,7,0,0
2688,N478_S16_HE.ome.tiff,6,6,0,0
2660,N304_S13_HE.ome.tiff,43,26,17,0
2674,N308_S13_HE.ome.tiff,5,5,0,0
2703,N229_S15_HE.ome.tiff,16,16,0,0
2705,N229_S08_HE.ome.tiff,35,35,0,0
2704,N229_S09_HE.ome.tiff,57,49,8,0
2715,N259_S12_HE.ome.tiff,27,20,7,0
2725,N260_S15_HE.ome.tiff,7,7,0,0
2736,N264_S08_HE.ome.tiff,18,18,0,0
2754,N265_S14_HE.ome.tiff,24,24,0,0
2252,N250_S11_HE.ome.tiff,64,52,12,0
2776,N266_S11_HE.ome.tiff,100,71,29,0
906,N200_S14_HE.ome.tiff,9,9,0,0
907,N200_S08_HE.ome.tiff,21,21,0,0
905,N200_S09_HE.ome.tiff,32,20,12,0
863,N294_S10_HE.ome.tiff,50,33,17,0
861,N294_S11_HE.ome.tiff,46,28,18,0
864,N294_S12_HE.ome.tiff,45,45,0,0
859,N294_S13_HE.ome.tiff,34,34,0,0
860,N294_S14_HE.ome.tiff,2,2,0,0
865,N294_S14_HE_Deeper.ome.tiff,6,6,0,0
866,N294_S15_HE.ome.tiff,2,2,0,0
862,N294_S09_HE.ome.tiff,60,42,18,0
872,N295_S10_HE.ome.tiff,18,9,9,0
867,N295_S12_HE.ome.tiff,24,14,10,0
873,N295_S14_HE.ome.tiff,43,43,0,0
871,N295_S16_HE.ome.tiff,31,31,0,0
869,N295_S15_HE.ome.tiff,47,47,0,0
868,N295_S18_HE.ome.tiff,40,40,0,0
875,N295_S21_HE.ome.tiff,6,6,0,0
870,N295_S20_HE.ome.tiff,7,7,0,0
876,N295_S09_HE.ome.tiff,36,36,0,0
2783,N266_S12_HE.ome.tiff,67,43,24,0
2769,N266_S13_HE.ome.tiff,17,17,0,0
2797,N267_S10_HE.ome.tiff,44,27,17,0
2799,N267_S18_HE.ome.tiff,3,3,0,0
2762,N310_S15_HE.ome.tiff,10,10,0,0
2790,N328_S13_HE.ome.tiff,25,10,15,0
2814,N328_S20_HE.ome.tiff,4,4,0,0
2820,N331_S09_HE.ome.tiff,37,30,7,0
2826,N332_S11_HE.ome.tiff,68,25,43,0
2839,N333_S16_HE.ome.tiff,7,7,0,0
2849,N269_S16_HE.ome.tiff,41,18,23,0
2844,N333_S08_HE.ome.tiff,5,5,0,0
2870,N335_S16_HE.ome.tiff,5,5,0,0
2855,N335_S19_HE.ome.tiff,8,8,0,0
2860,N335_S26_HE.ome.tiff,3,3,0,0
857,N309_S10_HE.ome.tiff,1,1,0,0
854,N309_S11_HE.ome.tiff,18,14,4,0
851,N309_S12_HE.ome.tiff,63,33,30,0
852,N309_S13_HE.ome.tiff,56,24,32,0
856,N309_S15_HE.ome.tiff,26,20,6,0
853,N309_S16_HE.ome.tiff,32,32,0,0
855,N309_S09_HE.ome.tiff,12,12,0,0
896,N361_S10_HE.ome.tiff,11,11,0,0
894,N361_S11_HE.ome.tiff,9,9,0,0
895,N361_S12_HE.ome.tiff,38,21,17,0
898,N361_S13_HE.ome.tiff,50,28,22,0
901,N361_S14_HE.ome.tiff,38,32,6,0
902,N361_S15_HE.ome.tiff,53,53,0,0
900,N361_S16_HE.ome.tiff,79,79,0,0
889,N400_S11_HE.ome.tiff,18,18,0,0
897,N361_S19_HE.ome.tiff,7,7,0,0
886,N400_S12_HE.ome.tiff,18,18,0,0
890,N400_S13_HE.ome.tiff,21,21,0,0
884,N400_S14_HE.ome.tiff,30,30,0,0
892,N400_S16_HE.ome.tiff,27,27,0,0
891,N400_S17_HE.ome.tiff,32,32,0,0
887,N400_S18_HE.ome.tiff,11,11,0,0
885,N400_S19_HE.ome.tiff,10,10,0,0
893,N400_S20_HE.ome.tiff,9,9,0,0
888,N400_S21_HE.ome.tiff,7,7,0,0
881,N434_S10_HE.ome.tiff,14,13,1,0
882,N434_S12_HE.ome.tiff,10,10,0,0
879,N434_S13_HE.ome.tiff,9,9,0,0
912,N200_S10_HE.ome.tiff,32,26,6,0
911,N200_S11_HE.ome.tiff,23,8,15,0
909,N200_S12_HE.ome.tiff,79,78,1,0
910,N200_S17_HE.ome.tiff,3,3,0,0
918,N201_S10_HE.ome.tiff,39,23,16,0
917,N201_S11_HE.ome.tiff,35,14,21,0
919,N201_S12_HE.ome.tiff,13,13,0,0
914,N201_S13_HE.ome.tiff,7,7,0,0
915,N201_S08_HE.ome.tiff,10,10,0,0
916,N201_S09_HE.ome.tiff,24,16,8,0
923,N202_S11_HE.ome.tiff,20,16,4,0
921,N202_S13_HE.ome.tiff,35,0,35,0
927,N202_S14_HE.ome.tiff,38,0,38,0
924,N202_S16_HE.ome.tiff,12,10,2,0
929,N202_S17_HE.ome.tiff,6,0,6,0
928,N202_S18_HE.ome.tiff,3,3,0,0
925,N202_S08_HE.ome.tiff,29,0,29,0
930,N202_S09_HE.ome.tiff,36,36,0,0
933,N203_S10_HE.ome.tiff,139,93,46,0
936,N203_S12_HE.ome.tiff,46,40,6,0
935,N203_S11_HE.ome.tiff,50,28,22,0
934,N203_S13_HE.ome.tiff,27,27,0,0
937,N203_S14_HE.ome.tiff,4,4,0,0
932,N203_S08_HE.ome.tiff,48,46,2,0
931,N203_S09_HE.ome.tiff,103,85,18,0
942,N204_S11_HE.ome.tiff,66,11,55,0
948,N204_S12_HE.ome.tiff,46,19,27,0
938,N204_S13_HE.ome.tiff,64,16,48,0
946,N204_S14_HE.ome.tiff,13,13,0,0
939,N204_S15_HE.ome.tiff,5,5,0,0
945,N204_S16_HE.ome.tiff,11,11,0,0
947,N204_S17_HE.ome.tiff,5,5,0,0
941,N204_S18_HE.ome.tiff,6,6,0,0
949,N204_S19_HE.ome.tiff,3,3,0,0
943,N204_S08_HE.ome.tiff,1,1,0,0
944,N204_S09_HE.ome.tiff,13,13,0,0
953,N221_S11_HE.ome.tiff,48,22,26,0
950,N221_S12_HE.ome.tiff,39,18,21,0
955,N221_S13_HE.ome.tiff,13,13,0,0
952,N221_S08_HE.ome.tiff,107,107,0,0
951,N221_S09_HE.ome.tiff,53,50,3,0
958,N225_S10_HE.ome.tiff,7,7,0,0
965,N225_S11_HE.ome.tiff,6,6,0,0
956,N225_S12_HE.ome.tiff,5,5,0,0
964,N225_S13_HE.ome.tiff,40,29,11,0
961,N225_S14_HE.ome.tiff,57,44,13,0
962,N225_S15_HE_Deeper.ome.tiff,40,28,12,0
959,N225_S16_HE.ome.tiff,7,7,0,0
963,N225_S18_HE.ome.tiff,33,26,7,0
957,N225_S19_HE.ome.tiff,22,12,10,0
966,N225_S09_HE.ome.tiff,11,11,0,0
971,N226_S10_HE.ome.tiff,59,37,22,0
968,N226_S11_HE.ome.tiff,64,57,7,0
973,N226_S13_HE.ome.tiff,83,51,32,0
969,N226_S14_HE.ome.tiff,79,75,4,0
970,N226_S15_HE.ome.tiff,49,49,0,0
972,N226_S16_HE.ome.tiff,2,2,0,0
974,N226_S16_HE_Deeper.ome.tiff,5,5,0,0
976,N226_S08_HE.ome.tiff,81,66,15,0
977,N226_S09_HE.ome.tiff,72,67,5,0
987,N227_S10_HE.ome.tiff,26,26,0,0
982,N227_S11_HE.ome.tiff,109,85,24,0
981,N227_S12_HE.ome.tiff,57,49,8,0
980,N227_S13_HE.ome.tiff,75,49,26,0
978,N227_S14_HE.ome.tiff,18,18,0,0
979,N227_S16_HE.ome.tiff,29,26,3,0
983,N227_S17_HE.ome.tiff,10,10,0,0
986,N227_S18_HE.ome.tiff,2,2,0,0
984,N227_S09_HE.ome.tiff,4,4,0,0
990,N228_S10_HE.ome.tiff,12,12,0,0
994,N228_S11_HE.ome.tiff,24,21,3,0
995,N228_S12_HE.ome.tiff,21,18,3,0
992,N228_S13_HE.ome.tiff,69,43,26,0
988,N228_S14_HE.ome.tiff,57,38,19,0
996,N228_S15_HE.ome.tiff,30,23,7,0
993,N228_S16_HE.ome.tiff,23,22,1,0
989,N228_S17_HE.ome.tiff,5,5,0,0
1003,N230_S10_HE.ome.tiff,11,11,0,0
1007,N230_S12_HE.ome.tiff,7,7,0,0
1005,N230_S13_HE.ome.tiff,11,11,0,0
998,N230_S14_HE.ome.tiff,28,15,13,0
1004,N230_S15_HE.ome.tiff,29,13,16,0
1001,N230_S16_HE.ome.tiff,26,8,18,0
999,N230_S17_HE.ome.tiff,3,3,0,0
997,N230_S18_HE.ome.tiff,5,5,0,0
1006,N230_S19_HE.ome.tiff,3,3,0,0
1000,N230_S09_HE.ome.tiff,5,5,0,0
1010,N231_S10_HE.ome.tiff,74,73,1,0
1011,N231_S11_HE.ome.tiff,72,57,15,0
1014,N231_S12_HE.ome.tiff,103,93,10,0
1013,N231_S13_HE.ome.tiff,51,43,8,0
1012,N231_S14_HE.ome.tiff,59,59,0,0
1015,N231_S08_HE.ome.tiff,16,16,0,0
1009,N231_S09_HE.ome.tiff,47,47,0,0
1021,N234_S10_HE.ome.tiff,61,0,61,0
1018,N234_S11_HE.ome.tiff,53,43,10,0
1017,N234_S12_HE.ome.tiff,74,0,74,0
1023,N234_S15_HE.ome.tiff,6,0,6,0
1024,N234_S13_HE.ome.tiff,71,62,9,0
1022,N234_S16_HE.ome.tiff,73,0,73,0
1019,N234_S17_HE.ome.tiff,9,0,9,0
1020,N234_S18_HE.ome.tiff,5,0,5,0
1016,N234_S20_HE.ome.tiff,3,0,3,0
1027,N234_S14_HE.ome.tiff,38,0,38,0
1025,N234_S19_HE.ome.tiff,4,0,4,0
1026,N234_S09_HE.ome.tiff,29,0,29,0
1064,N237_S10_HE.ome.tiff,46,42,4,0
1028,N237_S11_HE.ome.tiff,44,28,16,0
1031,N237_S12_HE.ome.tiff,81,70,11,0
1063,N237_S13_HE.ome.tiff,39,39,0,0
1030,N237_S14_HE.ome.tiff,55,55,0,0
1029,N237_S15_HE.ome.tiff,31,31,0,0
1065,N237_S09_HE.ome.tiff,38,38,0,0
1069,N240_S10_HE.ome.tiff,51,44,7,0
1066,N240_S13_HE.ome.tiff,69,61,8,0
1071,N240_S11_HE.ome.tiff,54,53,1,0
1070,N240_S12_HE.ome.tiff,37,25,12,0
1072,N240_S14_HE.ome.tiff,21,21,0,0
1068,N240_S15_HE.ome.tiff,34,34,0,0
1074,N240_S16_HE.ome.tiff,51,51,0,0
1067,N240_S08_HE.ome.tiff,53,53,0,0
1073,N240_S09_HE.ome.tiff,88,88,0,0
1080,N241_S10_HE.ome.tiff,45,41,4,0
1079,N241_S08_HE.ome.tiff,34,25,9,0
1076,N241_S11_HE.ome.tiff,66,65,1,0
1075,N241_S12_HE.ome.tiff,18,18,0,0
1078,N241_S13_HE.ome.tiff,23,23,0,0
1077,N241_S14_HE.ome.tiff,9,9,0,0
1081,N241_S09_HE.ome.tiff,37,28,9,0
1084,N245_S10_HE.ome.tiff,35,34,1,0
1082,N245_S11_HE.ome.tiff,26,25,1,0
1088,N245_S12_HE.ome.tiff,26,24,2,0
1085,N245_S13_HE.ome.tiff,39,39,0,0
1091,N245_S14_HE.ome.tiff,42,25,17,0
1092,N245_S15_HE.ome.tiff,30,30,0,0
1087,N245_S16_HE.ome.tiff,48,33,15,0
1090,N245_S17_HE.ome.tiff,66,44,22,0
1083,N245_S18_HE.ome.tiff,35,32,3,0
1089,N245_S19_HE.ome.tiff,29,29,0,0
1086,N245_S09_HE.ome.tiff,3,3,0,0
1098,N246_S11_HE.ome.tiff,13,13,0,0
1100,N246_S14_HE.ome.tiff,24,11,13,0
1099,N246_S17_HE.ome.tiff,40,40,0,0
1094,N246_S18_HE.ome.tiff,38,38,0,0
1096,N246_S22_HE.ome.tiff,28,28,0,0
1097,N246_S23_HE_Deeper2.ome.tiff,15,15,0,0
1095,N246_S23_HE_Deeper3.ome.tiff,19,19,0,0
1093,N246_S23_HE_Deeper4.ome.tiff,24,24,0,0
1106,N246_S12_HE.ome.tiff,34,34,0,0
2559,N460_S09_HE.ome.tiff,27,23,4,0
920,N202_S12_HE.ome.tiff,58,0,58,0
1107,N246_S13_HE.ome.tiff,17,17,0,0
1104,N246_S15_HE.ome.tiff,43,30,13,0
1108,N246_S16_HE.ome.tiff,33,22,11,0
1103,N246_S19_HE.ome.tiff,15,15,0,0
1101,N246_S20_HE.ome.tiff,30,30,0,0
1102,N246_S21_HE.ome.tiff,19,19,0,0
1119,N247_S10_HE.ome.tiff,46,0,46,0
1105,N246_S23_HE_Deeper.ome.tiff,7,7,0,0
1109,N247_S11_HE.ome.tiff,71,0,71,0
1112,N247_S12_HE.ome.tiff,37,0,37,0
1115,N247_S13_HE.ome.tiff,49,0,49,0
1113,N247_S14_HE.ome.tiff,93,0,93,0
1111,N247_S16_HE.ome.tiff,83,0,83,0
1114,N247_S17_HE.ome.tiff,4,0,4,0
1117,N247_S18_HE.ome.tiff,4,0,4,0
1110,N247_S08_HE.ome.tiff,20,0,20,0
1118,N247_S09_HE.ome.tiff,52,0,52,0
1128,N248_S10_HE.ome.tiff,31,31,0,0
1127,N248_S11_HE.ome.tiff,46,39,7,0
1122,N248_S12_HE.ome.tiff,52,35,17,0
1123,N248_S13_HE.ome.tiff,52,32,20,0
1124,N248_S14_HE.ome.tiff,34,30,4,0
1126,N248_S15_HE.ome.tiff,40,32,8,0
1120,N248_S17_HE.ome.tiff,5,5,0,0
1121,N248_S09_HE.ome.tiff,15,15,0,0
1135,N249_S13_HE.ome.tiff,16,7,9,0
1134,N249_S12_HE.ome.tiff,3,3,0,0
1138,N249_S14_HE.ome.tiff,17,8,9,0
1139,N249_S11_HE.ome.tiff,8,8,0,0
1131,N249_S15_HE.ome.tiff,5,5,0,0
1136,N249_S16_HE.ome.tiff,18,8,10,0
1133,N249_S17_HE.ome.tiff,5,5,0,0
1140,N249_S18_HE.ome.tiff,7,7,0,0
1129,N249_S19_HE.ome.tiff,3,3,0,0
1141,N249_S21_HE.ome.tiff,3,3,0,0
1132,N249_S22_HE.ome.tiff,2,2,0,0
1137,N249_S23_HE.ome.tiff,3,3,0,0
1143,N250_S09_ERG.ome.tiff,7,7,0,0
1144,N250_S09_Ki67.ome.tiff,6,6,0,0
1142,N250_S09_PTEN.ome.tiff,9,9,0,0
1146,N380_S10_HE.ome.tiff,97,96,1,0
1148,N380_S11_HE.ome.tiff,27,27,0,0
1149,N380_S12_HE.ome.tiff,8,8,0,0
1147,N380_S08_HE.ome.tiff,50,50,0,0
1145,N380_S09_HE.ome.tiff,20,11,9,0
1151,N385_S11_HE.ome.tiff,61,61,0,0
1153,N385_S13_HE.ome.tiff,71,71,0,0
1154,N385_S14_HE.ome.tiff,62,62,0,0
1150,N385_S08_HE.ome.tiff,27,27,0,0
2560,N460_S10_HE.ome.tiff,21,12,9,0
1358,N101_S11_HE.ome.tiff,1,1,0,0
1359,N124_S06_HE.ome.tiff,8,8,0,0
1353,N159_S12_HE.ome.tiff,13,13,0,0
1352,N159_S13_HE.ome.tiff,9,9,0,0
1351,N159_S14_HE.ome.tiff,5,5,0,0
1257,N238_S14_ERG.ome.tiff,5,5,0,0
1253,N239_S09_HE.ome.tiff,106,104,2,0
1254,N242_S10_HE.ome.tiff,30,29,1,0
1255,N242_S12_HE.ome.tiff,22,22,0,0
1304,N250_S12_HE.ome.tiff,54,52,2,0
1302,N250_S14_HE.ome.tiff,4,4,0,0
1303,N250_S13_HE.ome.tiff,9,9,0,0
1301,N250_S15_HE.ome.tiff,4,4,0,0
1305,N250_S09_HE.ome.tiff,37,26,11,0
1258,N290_S11_HE.ome.tiff,13,6,7,0
1259,N290_S12_HE.ome.tiff,23,8,15,0
1354,N301_S10_HE.ome.tiff,21,21,0,0
1364,N301_S11_HE.ome.tiff,20,20,0,0
1365,N301_S12_HE.ome.tiff,67,32,35,0
1360,N301_S13_HE.ome.tiff,55,35,20,0
1361,N301_S14_HE.ome.tiff,121,48,73,0
1362,N301_S15_HE.ome.tiff,17,15,2,0
1357,N301_S16_HE.ome.tiff,9,9,0,0
1356,N301_S17_HE.ome.tiff,4,4,0,0
1166,N382_S12_HE.ome.tiff,8,8,0,0
1171,N382_S11_HE.ome.tiff,7,7,0,0
1168,N382_S13_HE.ome.tiff,64,64,0,0
1167,N382_S14_HE.ome.tiff,27,27,0,0
1169,N382_S08_HE.ome.tiff,32,32,0,0
1170,N382_S09_HE.ome.tiff,34,34,0,0
1181,N383_S10_HE.ome.tiff,46,46,0,0
1179,N383_S11_HE.ome.tiff,61,61,0,0
1174,N383_S12_HE.ome.tiff,19,19,0,0
1180,N383_S13_HE.ome.tiff,5,5,0,0
1182,N383_S14_HE.ome.tiff,9,9,0,0
1176,N383_S16_HE.ome.tiff,7,7,0,0
1175,N383_S17_HE.ome.tiff,7,7,0,0
1177,N383_S18_HE.ome.tiff,5,5,0,0
1178,N383_S19_HE.ome.tiff,3,3,0,0
1183,N383_S20_HE.ome.tiff,1,1,0,0
1173,N383_S09_HE.ome.tiff,6,6,0,0
1164,N384_S13_HE.ome.tiff,46,46,0,0
1158,N384_S14_HE.ome.tiff,22,22,0,0
1155,N385_S10_HE.ome.tiff,62,62,0,0
1156,N385_S15_HE.ome.tiff,46,46,0,0
1157,N385_S09_HE.ome.tiff,33,33,0,0
2561,N460_S12_HE.ome.tiff,64,64,0,0
2578,N496_S14_HE.ome.tiff,6,6,0,0
2628,N486_S20_HE.ome.tiff,10,10,0,0
2661,N304_S14_HE.ome.tiff,19,19,0,0
2675,N308_S12_HE.ome.tiff,9,9,0,0
1413,N408_S10_HE.ome.tiff,26,26,0,0
1414,N408_S11_HE.ome.tiff,38,38,0,0
1416,N408_S12_HE.ome.tiff,59,59,0,0
1415,N408_S13_HE.ome.tiff,41,38,3,0
1419,N408_S14_HE.ome.tiff,49,47,2,0
1420,N408_S15_HE.ome.tiff,50,44,6,0
1422,N408_S16_HE.ome.tiff,11,11,0,0
1423,N409_S10_HE.ome.tiff,24,21,3,0
1424,N409_S12_HE.ome.tiff,13,9,4,0
1427,N409_S13_HE.ome.tiff,11,11,0,0
1425,N409_S14_HE.ome.tiff,6,6,0,0
1426,N409_S15_HE.ome.tiff,4,4,0,0
1428,N409_S08_HE.ome.tiff,82,66,16,0
1429,N409_S09_HE.ome.tiff,58,58,0,0
1435,N407_S09_HE.ome.tiff,3,3,0,0
1439,N407_S10_HE.ome.tiff,35,28,7,0
1436,N407_S11_HE.ome.tiff,27,27,0,0
1442,N407_S12_HE.ome.tiff,29,29,0,0
1437,N407_S13_HE.ome.tiff,13,13,0,0
1443,N407_S14_HE.ome.tiff,15,15,0,0
1440,N407_S16_HE.ome.tiff,8,8,0,0
1445,N407_S17_HE.ome.tiff,5,5,0,0
1441,N407_S18_HE.ome.tiff,4,4,0,0
1444,N411_S08_HE.ome.tiff,94,88,6,0
1448,N411_S09_HE.ome.tiff,33,30,3,0
1446,N411_S10_HE.ome.tiff,60,60,0,0
1447,N411_S11_HE.ome.tiff,44,44,0,0
1449,N411_S12_HE.ome.tiff,22,16,6,0
1451,N411_S12_HE_Deeper.ome.tiff,4,4,0,0
1450,N411_S13_HE.ome.tiff,7,7,0,0
1453,N411_S14_HE.ome.tiff,10,10,0,0
1455,N411_S15_HE.ome.tiff,3,3,0,0
1454,N413_S09_HE.ome.tiff,42,38,4,0
2716,N259_S15_HE.ome.tiff,9,9,0,0
2726,N260_S14_HE.ome.tiff,5,5,0,0
2737,N264_S13_HE.ome.tiff,23,23,0,0
2755,N265_S11_HE.ome.tiff,39,39,0,0
2746,N265_S19_HE.ome.tiff,8,8,0,0
1457,N413_S10_HE.ome.tiff,3,3,0,0
1456,N413_S10_HE_Deeper.ome.tiff,5,5,0,0
1433,N435_S10_HE.ome.tiff,33,24,9,0
2562,N460_S08_HE.ome.tiff,10,10,0,0
2579,N496_S12_HE.ome.tiff,3,3,0,0
2583,N476_S09_HE.ome.tiff,30,30,0,0
1483,N416_S10_HE.ome.tiff,3,3,0,0
1465,N415_S14_HE.ome.tiff,7,7,0,0
1463,N415_S13_HE.ome.tiff,5,5,0,0
1462,N415_S12_HE.ome.tiff,10,9,1,0
1460,N415_S11_HE.ome.tiff,8,5,3,0
1459,N415_S10_HE.ome.tiff,22,17,5,0
1495,N454_S10_HE.ome.tiff,26,25,1,0
1500,N454_S11_HE.ome.tiff,36,36,0,0
1501,N454_S12_HE.ome.tiff,47,47,0,0
1502,N454_S13_HE.ome.tiff,50,48,2,0
1503,N454_S14_HE.ome.tiff,51,51,0,0
1505,N454_S15_HE.ome.tiff,52,52,0,0
1506,N454_S16_HE.ome.tiff,25,24,1,0
1507,N453_S10_HE.ome.tiff,3,3,0,0
1508,N453_S11_HE.ome.tiff,7,7,0,0
1509,N453_S12_HE.ome.tiff,12,12,0,0
1472,N413_S12_HE.ome.tiff,9,9,0,0
1474,N413_S13_HE.ome.tiff,6,6,0,0
1475,N413_S14_HE.ome.tiff,8,8,0,0
1476,N413_S15_HE.ome.tiff,7,7,0,0
1477,N413_S16_HE.ome.tiff,13,13,0,0
1479,N413_S17_HE.ome.tiff,12,12,0,0
1481,N413_S19_HE.ome.tiff,37,37,0,0
1478,N413_S21_HE.ome.tiff,14,14,0,0
1485,N413_S22_HE.ome.tiff,12,12,0,0
1484,N413_S24_HE.ome.tiff,9,9,0,0
1482,N413_S26_HE.ome.tiff,3,3,0,0
1473,N413_S27_HE.ome.tiff,4,4,0,0
1464,N414_S08_HE.ome.tiff,4,4,0,0
1466,N414_S09_HE.ome.tiff,29,23,6,0
1467,N414_S10_HE.ome.tiff,21,17,4,0
1468,N414_S11_HE.ome.tiff,6,6,0,0
1469,N414_S12_HE.ome.tiff,5,5,0,0
1471,N414_S14_HE.ome.tiff,6,6,0,0
1458,N415_S09_HE.ome.tiff,33,14,19,0
1486,N416_S11_HE.ome.tiff,14,9,5,0
1487,N416_S12_HE.ome.tiff,35,23,12,0
1490,N416_S13_HE.ome.tiff,20,13,7,0
1488,N416_S14_HE.ome.tiff,14,6,8,0
1489,N416_S15_HE.ome.tiff,6,5,1,0
1492,N416_S16_HE.ome.tiff,6,6,0,0
1493,N416_S09_HE.ome.tiff,3,3,0,0
1430,N435_S09_HE.ome.tiff,9,9,0,0
2676,N308_S09_HE.ome.tiff,14,10,4,0
2563,N460_S13_HE.ome.tiff,71,71,0,0
2584,N476_S10_HE.ome.tiff,25,25,0,0
1510,N453_S13_HE.ome.tiff,7,7,0,0
551,N101_S05_HE.ome.tiff,36,34,2,0
368,N102_S15_HE.ome.tiff,4,4,0,0
365,N102_S05_HE.ome.tiff,1,1,0,0
367,N102_S07_HE.ome.tiff,35,35,0,0
553,N103_S07_HE.ome.tiff,32,21,11,0
388,N104_S12_HE.ome.tiff,10,10,0,0
389,N104_S13_HE.ome.tiff,3,3,0,0
393,N105_S17_HE.ome.tiff,5,5,0,0
406,N106_S08_HE.ome.tiff,73,31,42,0
2630,N451_S10_HE.ome.tiff,28,28,0,0
428,N108_S11_HE.ome.tiff,5,4,1,0
439,N110_S05a_HE_Deeper.ome.tiff,4,4,0,0
442,N110_S06_HE_Deeper.ome.tiff,4,4,0,0
448,N111_S07_HE.ome.tiff,25,16,9,0
454,N112_S09_HE.ome.tiff,44,40,4,0
1513,N453_S17_HE.ome.tiff,13,12,1,0
1514,N453_S16_HE.ome.tiff,15,14,1,0
470,N114_S13_HE.ome.tiff,18,18,0,0
484,N115_S09_HE.ome.tiff,33,30,3,0
497,N119_S05_HE.ome.tiff,19,16,3,0
500,N120_S09_HE.ome.tiff,6,6,0,0
1355,N123_S10_HE.ome.tiff,19,19,0,0
521,N123_S08_HE.ome.tiff,36,25,11,0
536,N125_S05_HE.ome.tiff,10,10,0,0
543,N126_S08_HE.ome.tiff,130,46,84,0
295,N132_S10_HE.ome.tiff,63,63,0,0
298,N134_S08_HE.ome.tiff,19,6,13,0
312,N140_S14_HE.ome.tiff,13,13,0,0
317,N140_S09_HE.ome.tiff,49,37,12,0
324,N141_S10_HE.ome.tiff,5,0,5,0
908,N200_S13_HE.ome.tiff,28,28,0,0
913,N200_S15_HE.ome.tiff,5,5,0,0
904,N200_S16_HE.ome.tiff,5,5,0,0
1524,N410_S09_HE.ome.tiff,53,43,10,0
1516,N412_S09_HE.ome.tiff,2,2,0,0
1512,N412_S10_HE.ome.tiff,9,9,0,0
1517,N412_S11_HE.ome.tiff,10,10,0,0
1519,N412_S13_HE.ome.tiff,30,23,7,0
1520,N412_S14_HE.ome.tiff,56,49,7,0
1523,N412_S15_HE.ome.tiff,85,60,25,0
1521,N412_S16_HE.ome.tiff,24,22,2,0
926,N202_S15_HE.ome.tiff,34,29,5,0
2677,N308_S16_HE.ome.tiff,26,7,19,0
940,N204_S10_HE.ome.tiff,8,8,0,0
954,N221_S10_HE.ome.tiff,79,79,0,0
967,N225_S15_HE.ome.tiff,31,31,0,0
960,N225_S17_HE.ome.tiff,36,26,10,0
975,N226_S12_HE.ome.tiff,87,68,19,0
985,N227_S15_HE.ome.tiff,30,26,4,0
991,N228_S09_HE.ome.tiff,8,8,0,0
1002,N230_S10_HE_Deeper.ome.tiff,10,10,0,0
1008,N230_S11_HE.ome.tiff,6,6,0,0
1116,N247_S15_HE.ome.tiff,34,0,34,0
1125,N248_S16_HE.ome.tiff,26,24,2,0
1130,N249_S20_HE.ome.tiff,8,8,0,0
874,N295_S13_HE.ome.tiff,30,22,8,0
1363,N301_S09_HE.ome.tiff,10,10,0,0
858,N309_S14_HE.ome.tiff,27,26,1,0
899,N361_S17_HE.ome.tiff,5,5,0,0
1172,N383_S15_HE.ome.tiff,9,9,0,0
1163,N384_S15_HE.ome.tiff,28,28,0,0
1152,N385_S12_HE.ome.tiff,91,85,6,0
1421,N409_S11_HE.ome.tiff,12,12,0,0
1438,N407_S15_HE.ome.tiff,7,7,0,0
1522,N410_S08_HE.ome.tiff,57,57,0,0
1525,N410_S12_HE.ome.tiff,24,24,0,0
1526,N410_S13_HE.ome.tiff,73,73,0,0
1452,N411_S16_HE.ome.tiff,5,5,0,0
1518,N412_S12_HE.ome.tiff,8,8,0,0
1461,N413_S11_HE.ome.tiff,7,7,0,0
1480,N413_S18_HE.ome.tiff,8,8,0,0
1470,N414_S13_HE.ome.tiff,9,9,0,0
1491,N416_S08_HE.ome.tiff,9,9,0,0
880,N434_S11_HE.ome.tiff,24,24,0,0
883,N434_S14_HE.ome.tiff,8,8,0,0
877,N434_S15_HE.ome.tiff,5,5,0,0
878,N434_S09_HE.ome.tiff,9,9,0,0
1432,N435_S12_HE.ome.tiff,44,24,20,0
1431,N435_S13_HE.ome.tiff,26,24,2,0
1434,N435_S14_HE.ome.tiff,75,66,9,0
1504,N454_S09_HE.ome.tiff,9,9,0,0
1539,N433_S13_HE.ome.tiff,7,6,1,0
1540,N432_S15_HE.ome.tiff,63,20,43,0
1529,N430_S09_HE.ome.tiff,12,7,5,0
1536,N430_S10_HE.ome.tiff,46,21,25,0
1531,N430_S11_HE.ome.tiff,27,20,7,0
1532,N430_S13_HE.ome.tiff,61,57,4,0
1533,N430_S14_HE.ome.tiff,24,24,0,0
1534,N430_S15_HE.ome.tiff,9,8,1,0
1535,N430_S16_HE.ome.tiff,8,8,0,0
1538,N430_S17_HE.ome.tiff,4,4,0,0
1544,N450_S09_HE.ome.tiff,5,5,0,0
1546,N450_S11_HE.ome.tiff,54,54,0,0
1528,N410_S14_HE.ome.tiff,30,24,6,0
1530,N410_S10_HE.ome.tiff,62,55,7,0
1547,N450_S12_HE.ome.tiff,56,45,10,1
1548,N450_S14_HE.ome.tiff,23,21,2,0
1550,N450_S15_HE.ome.tiff,51,48,3,0
1551,N450_S16_HE.ome.tiff,12,11,1,0
1545,N433_S11_HE.ome.tiff,93,23,70,0
1537,N433_S12_HE.ome.tiff,17,17,0,0
1542,N433_S14_HE.ome.tiff,2,2,0,0
1541,N432_S11_HE.ome.tiff,31,17,14,0
1543,N432_S14_HE.ome.tiff,75,58,17,0
1552,N450_S13_HE.ome.tiff,116,101,15,0
1556,N457_S12_HE.ome.tiff,35,35,0,0
1557,N457_S11_HE.ome.tiff,33,33,0,0
1558,N457_S15_HE.ome.tiff,19,18,1,0
1559,N457_S13_HE.ome.tiff,30,30,0,0
1562,N457_S16_HE.ome.tiff,26,24,2,0
1564,N457_S10_HE.ome.tiff,22,22,0,0
2564,N460_S14_HE.ome.tiff,25,25,0,0
2585,N476_S11_HE.ome.tiff,74,74,0,0
1571,N160_S05_HE.ome.tiff,20,19,1,0
1572,N160_S06_HE.ome.tiff,20,19,1,0
1577,N160_S07_HE.ome.tiff,46,43,3,0
1574,N160_S08_HE.ome.tiff,44,27,17,0
1575,N160_S09_HE.ome.tiff,48,28,20,0
1573,N160_S10_HE.ome.tiff,10,10,0,0
1576,N185_S05_HE.ome.tiff,17,17,0,0
1578,N185_S06_HE.ome.tiff,16,16,0,0
1580,N185_S07_HE.ome.tiff,13,5,8,0
1581,N185_S08_HE.ome.tiff,19,8,11,0
1583,N185_S09_HE.ome.tiff,22,13,9,0
1584,N185_S10_HE.ome.tiff,7,7,0,0
1587,N185_S10_HE_Deeper.ome.tiff,18,15,3,0
1560,N445_S09_HE.ome.tiff,14,11,3,0
1563,N445_S10_HE.ome.tiff,69,59,10,0
1565,N445_S11_HE.ome.tiff,26,25,1,0
1566,N445_S12_HE.ome.tiff,17,15,2,0
1567,N445_S13_HE.ome.tiff,9,9,0,0
1568,N445_S14_HE.ome.tiff,7,7,0,0
1570,N445_S15_HE.ome.tiff,5,5,0,0
1569,N445_S16_HE.ome.tiff,4,3,1,0
1651,N108_S07_STAT5.ome.tiff,9,9,0,0
1652,N124_S08_STAT5.ome.tiff,13,13,0,0
1653,N140_S08_STAT5.ome.tiff,3,3,0,0
1654,N112_S11_STAT5.ome.tiff,18,18,0,0
1655,N134_S09_STAT5.ome.tiff,4,4,0,0
1656,N451_S15_HE.ome.tiff,6,6,0,0
1657,N111_S09_STAT5.ome.tiff,2,2,0,0
1658,N132_S09_STAT5.ome.tiff,13,13,0,0
1659,N451_S12_HE.ome.tiff,56,53,3,0
1660,N451_S16_HE.ome.tiff,4,4,0,0
1661,N451_S17_HE.ome.tiff,2,2,0,0
1662,N437_S13_HE.ome.tiff,47,46,1,0
1663,N437_S14_HE.ome.tiff,12,12,0,0
1561,N457_S09_HE.ome.tiff,49,49,0,0
2565,N460_S15_HE.ome.tiff,40,40,0,0
2586,N476_S12_HE.ome.tiff,14,14,0,0
2601,N482_S10_HE.ome.tiff,7,7,0,0
2632,N451_S11_HE.ome.tiff,9,9,0,0
2664,N304_S11_HE.ome.tiff,53,53,0,0
2678,N308_S17_HE.ome.tiff,2,2,0,0
2706,N229_S11_HE.ome.tiff,73,65,8,0
2717,N259_S10_HE.ome.tiff,25,18,7,0
2728,N262_S10_HE.ome.tiff,31,22,9,0
2763,N265_S18_HE.ome.tiff,13,13,0,0
1709,N222_S08_HE.ome.tiff,17,11,6,0
1710,N222_S09_HE.ome.tiff,27,15,12,0
1711,N222_S13_HE.ome.tiff,31,19,12,0
2770,N266_S14_HE.ome.tiff,4,4,0,0
2784,N266_S08_HE.ome.tiff,7,7,0,0
2777,N266_S09_HE.ome.tiff,12,12,0,0
2803,N268_S11_HE.ome.tiff,36,36,0,0
2808,N268_S09_HE.ome.tiff,8,8,0,0
2727,N310_S11_HE.ome.tiff,55,17,38,0
2756,N310_S13_HE.ome.tiff,8,8,0,0
2798,N328_S15_HE.ome.tiff,4,4,0,0
1730,N352_S11_HE.ome.tiff,46,46,0,0
1727,N352_S19_HE.ome.tiff,3,3,0,0
1729,N352_S16_HE.ome.tiff,4,4,0,0
1731,N353_S14_HE.ome.tiff,4,4,0,0
2566,N460_S11_HE.ome.tiff,97,33,64,0
2602,N482_S12_HE.ome.tiff,4,4,0,0
1952,N222_S09_HE.ome.tiff,14,14,0,0
1967,N352_S17_HE.ome.tiff,6,6,0,0
4513,N518_S12_HE.ome.tiff,34,34,0,0
1977,N355_S12_HE.ome.tiff,51,51,0,0
1980,N355_S18_HE.ome.tiff,4,4,0,0
1982,N355_S10_HE.ome.tiff,22,15,10,0
1981,N355_S16_HE.ome.tiff,7,7,0,0
1985,N184_S07_HE.ome.tiff,67,50,17,0
1979,N355_S15_HE.ome.tiff,4,4,0,0
1978,N355_S11_HE.ome.tiff,85,85,0,0
1953,N353_S12_HE.ome.tiff,27,27,0,0
1902,N353_S10_HE.ome.tiff,60,54,6,0
1962,N352_S12_HE.ome.tiff,38,38,0,0
1976,N355_S09_HE.ome.tiff,228,228,0,0
1969,N352_S18_HE.ome.tiff,2,2,0,0
1964,N352_S14_HE.ome.tiff,15,15,0,0
1961,N352_S15_HE.ome.tiff,5,5,0,0
1983,N184_S11_HE.ome.tiff,3,3,0,0
1988,N184_S08_HE.ome.tiff,21,21,0,0
1905,N353_S13_HE.ome.tiff,6,6,0,0
1965,N352_S10_HE.ome.tiff,242,242,0,0
1989,N184_S06_HE.ome.tiff,76,47,29,0
1990,N184_S05_HE.ome.tiff,51,33,18,0
1851,N353_S16_HE.ome.tiff,6,6,0,0
1957,N373_S10_HE.ome.tiff,5,5,0,0
1959,N373_S13_HE.ome.tiff,42,42,0,0
1986,N184_S09_HE.ome.tiff,3,3,0,0
1970,N352_S16_HE_temp.ome.tiff,5,5,0,0
2051,N427_S11_HE_temp.ome.tiff,33,33,0,0
2052,N427_S12_HE_temp.ome.tiff,50,50,0,0
2053,N427_S13_HE_temp.ome.tiff,44,44,0,0
2008,N354_S15_HE.ome.tiff,43,43,0,0
2010,N354_S10_HE.ome.tiff,50,50,0,0
2012,N354_S11_HE.ome.tiff,28,28,0,0
2011,N354_S14_HE.ome.tiff,42,42,0,0
2013,N354_S16_HE.ome.tiff,26,26,0,0
2007,N354_S09_HE.ome.tiff,7,7,0,0
2054,N427_S14_HE_temp.ome.tiff,82,82,0,0
2006,N354_S12_HE.ome.tiff,24,24,0,0
1995,N374_S09_HE.ome.tiff,15,15,0,0
1997,N374_S08_HE.ome.tiff,11,11,0,0
1998,N374_S10_HE.ome.tiff,17,17,0,0
1999,N375_S09_HE.ome.tiff,13,13,0,0
2002,N375_S10_HE.ome.tiff,40,40,0,0
2004,N375_S13_HE.ome.tiff,23,23,0,0
2005,N375_S12_HE.ome.tiff,17,17,0,0
2066,N387_S11_HE.ome.tiff,10,10,0,0
2067,N387_S12_HE.ome.tiff,31,31,0,0
2071,N387_S13_HE.ome.tiff,13,13,0,0
2074,N388_S10_HE.ome.tiff,22,22,0,0
2076,N388_S12_HE.ome.tiff,64,64,0,0
2103,N392_S11_HE.ome.tiff,69,69,0,0
2104,N392_S10_HE.ome.tiff,143,143,0,0
2105,N392_S12_HE.ome.tiff,34,34,0,0
2106,N392_S14_HE.ome.tiff,6,6,0,0
2107,N392_S13_HE.ome.tiff,8,8,0,0
2057,N428_S10_HE_temp.ome.tiff,30,30,0,0
2058,N427_S15_HE_temp.ome.tiff,35,35,0,0
2060,N428_S11_HE_temp.ome.tiff,202,202,0,0
2062,N428_S12_HE_temp.ome.tiff,31,31,0,0
2063,N428_S14_HE_temp.ome.tiff,91,91,0,0
2064,N428_S15_HE_temp.ome.tiff,4,4,0,0
2154,N381_S10_HE.ome.tiff,32,32,0,0
2153,N381_S11_HE.ome.tiff,24,24,0,0
2157,N381_S12_HE.ome.tiff,49,49,0,0
2255,N250_S10_HE.ome.tiff,86,82,4,0
2185,N386_S15_HE.ome.tiff,83,83,0,0
2186,N386_S16_HE.ome.tiff,29,23,6,0
2187,N386_S17_HE.ome.tiff,40,40,0,0
2251,N250_S16_HE.ome.tiff,3,3,0,0
2253,N250_S08_HE.ome.tiff,85,79,6,0
2189,N386_S18_HE.ome.tiff,41,41,0,0
2178,N391_S10_HE.ome.tiff,97,97,0,0
2180,N391_S11_HE.ome.tiff,117,117,0,0
2181,N391_S13_HE.ome.tiff,18,18,0,0
2183,N391_S12_HE.ome.tiff,37,37,0,0
2173,N396_S11_HE.ome.tiff,14,14,0,0
2174,N396_S14_HE.ome.tiff,42,42,0,0
2175,N396_S15_HE.ome.tiff,37,37,0,0
2179,N396_S10_HE.ome.tiff,55,55,0,0
2166,N397_S09_HE.ome.tiff,19,19,0,0
2167,N397_S10_HE.ome.tiff,14,14,0,0
2169,N397_S11_HE.ome.tiff,34,34,0,0
2159,N399_S10_HE.ome.tiff,20,20,0,0
2160,N399_S12_HE.ome.tiff,45,45,0,0
2161,N399_S11_HE.ome.tiff,30,30,0,0
2204,N401_S12_HE.ome.tiff,34,34,0,0
2205,N401_S13_HE.ome.tiff,71,71,0,0
2206,N401_S14_HE.ome.tiff,49,49,0,0
2263,N251_S11_HE.ome.tiff,195,195,0,0
2264,N251_S12_HE.ome.tiff,42,0,42,0
2262,N251_S13_HE.ome.tiff,36,0,36,0
2266,N251_S14_HE.ome.tiff,20,0,20,0
2265,N251_S15_HE.ome.tiff,7,0,7,0
2260,N251_S16_HE.ome.tiff,5,0,5,0
2268,N251_S09_HE.ome.tiff,85,73,12,0
2267,N251_S10_HE.ome.tiff,47,39,8,0
2278,N253_S13_HE.ome.tiff,33,23,10,0
2282,N254_S13_HE.ome.tiff,10,10,0,0
2303,N255_S16_HE_Deeper.ome.tiff,1,1,0,0
2279,N253_S16_HE.ome.tiff,33,32,1,0
2273,N253_S09_HE_Deeper.ome.tiff,15,14,1,0
2280,N253_S10_HE.ome.tiff,17,11,6,0
2309,N255_S15_HE_Deeper.ome.tiff,19,18,1,0
2271,N253_S09_HE.ome.tiff,21,19,2,0
2269,N253_S08_HE.ome.tiff,38,29,9,0
2283,N254_S12_HE.ome.tiff,19,9,10,0
2301,N255_S16_HE.ome.tiff,3,3,0,0
2286,N254_S14_HE.ome.tiff,4,4,0,0
2285,N254_S08_HE.ome.tiff,5,5,0,0
2287,N254_S09_HE.ome.tiff,10,10,0,0
2288,N254_S10_HE.ome.tiff,40,31,9,0
2276,N253_S14_HE_Deeper.ome.tiff,26,16,10,0
2302,N255_S10_HE.ome.tiff,113,108,5,0
2305,N255_S13_HE.ome.tiff,81,69,12,0
2308,N255_S15_HE.ome.tiff,3,2,1,0
2310,N255_S11_HE.ome.tiff,66,60,6,0
2306,N255_S09_HE.ome.tiff,54,54,0,0
2270,N253_S15_HE.ome.tiff,31,29,2,0
2304,N255_S14_HE.ome.tiff,84,81,3,0
2274,N253_S12_HE.ome.tiff,21,16,5,0
2275,N253_S14_HE.ome.tiff,21,13,8,0
2284,N254_S11_HE.ome.tiff,26,14,12,0
2311,N256_S12_HE.ome.tiff,19,10,9,0
2312,N256_S13_HE.ome.tiff,62,62,0,0
2354,N256_S14_HE.ome.tiff,27,0,27,0
2313,N256_S15_HE.ome.tiff,14,0,14,0
2314,N256_S17_HE.ome.tiff,14,0,14,0
2355,N256_S18_HE.ome.tiff,16,0,16,0
2351,N256_S19_HE.ome.tiff,4,0,4,0
2352,N256_S09_HE.ome.tiff,4,0,4,0
2359,N257_S10_HE.ome.tiff,15,15,0,0
2363,N257_S11_HE.ome.tiff,30,26,4,0
2360,N257_S13_HE.ome.tiff,22,13,9,0
2362,N257_S14_HE.ome.tiff,11,11,0,0
2357,N257_S08_HE.ome.tiff,6,6,0,0
2356,N257_S09_HE.ome.tiff,10,10,0,0
2261,N251_S08_HE.ome.tiff,14,0,14,0
2353,N256_S10_HE.ome.tiff,11,4,7,0
2665,N304_S16_HE.ome.tiff,23,23,0,0
2603,N482_S14_HE.ome.tiff,22,22,0,0
2633,N451_S14_HE.ome.tiff,30,30,0,0
2365,N258_S12_HE.ome.tiff,46,46,0,0
2373,N258_S13_HE.ome.tiff,58,58,0,0
2369,N258_S14_HE.ome.tiff,73,66,7,0
2367,N258_S15_HE.ome.tiff,84,70,14,0
2372,N258_S17_HE.ome.tiff,37,37,0,0
2366,N258_S18_HE.ome.tiff,21,21,0,0
2370,N258_S19_HE.ome.tiff,4,4,0,0
2368,N258_S20_HE.ome.tiff,3,3,0,0
2358,N256_S11_HE.ome.tiff,25,17,8,0
2648,N302_S19_HE.ome.tiff,4,4,0,0
2666,N304_S09_HE.ome.tiff,63,37,26,0
2707,N229_S13_HE.ome.tiff,61,61,0,0
2718,N259_S17_HE.ome.tiff,8,8,0,0
2473,N486_S13_HE.ome.tiff,16,16,0,0
2474,N486_S14_HE.ome.tiff,9,9,0,0
2729,N262_S11_HE.ome.tiff,37,30,7,0
2739,N264_S10_HE.ome.tiff,23,16,7,0
2748,N264_S11_HE.ome.tiff,33,19,14,0
2764,N265_S12_HE.ome.tiff,43,43,0,0
2785,N266_S13_HE_Deeper.ome.tiff,16,16,0,0
2809,N268_S10_HE.ome.tiff,49,41,8,0
2821,N268_S16_HE.ome.tiff,5,5,0,0
2771,N310_S10_HE.ome.tiff,53,33,20,0
2757,N310_S16_HE_Deeper.ome.tiff,12,12,0,0
2778,N327_S10_HE.ome.tiff,49,28,21,0
2804,N328_S12_HE.ome.tiff,33,13,20,0
2792,N328_S18_HE.ome.tiff,9,9,0,0
2815,N331_S10_HE.ome.tiff,57,42,15,0
2417,N434_S08_HE_temp.ome.tiff,50,50,0,0
2569,N493_S12_HE.ome.tiff,41,41,0,0
2636,N459_S14_HE.ome.tiff,22,22,0,0
2364,N256_S16_HE.ome.tiff,14,0,14,0
2650,N303_S12_HE.ome.tiff,28,5,23,0
2667,N304_S18_HE.ome.tiff,5,5,0,0
2498,N402_S09_HE.ome.tiff,14,14,0,0
2500,N402_S14_HE.ome.tiff,11,11,0,0
2501,N403_S08_HE.ome.tiff,66,66,0,0
2503,N403_S09_HE.ome.tiff,39,39,0,0
2504,N403_S10_HE.ome.tiff,43,43,0,0
2506,N403_S11_HE.ome.tiff,18,18,0,0
2507,N403_S12_HE.ome.tiff,16,16,0,0
2510,N403_S13_HE.ome.tiff,9,9,0,0
2505,N404_S09_HE.ome.tiff,34,34,0,0
2509,N404_S11_HE.ome.tiff,36,36,0,0
2508,N404_S10_HE.ome.tiff,50,50,0,0
2512,N404_S12_HE.ome.tiff,92,92,0,0
2570,N493_S13_HE.ome.tiff,61,61,0,0
2637,N459_S15_HE.ome.tiff,26,24,2,0
2361,N257_S12_HE.ome.tiff,27,21,6,0
2652,N303_S13_HE.ome.tiff,96,47,49,0
2651,N303_S17_HE.ome.tiff,7,7,0,0
2668,N304_S15_HE.ome.tiff,5,5,0,0
2708,N229_S10_HE.ome.tiff,76,66,10,0
2702,N229_S12_HE.ome.tiff,64,64,0,0
2719,N260_S09_HE.ome.tiff,26,26,0,0
2730,N262_S13_HE.ome.tiff,12,12,0,0
2749,N265_S10_HE.ome.tiff,46,46,0,0
2758,N265_S15_HE.ome.tiff,42,32,10,0
2772,N266_S10_HE.ome.tiff,18,18,0,0
2765,N266_S15_HE.ome.tiff,3,3,0,0
2791,N267_S12_HE.ome.tiff,38,19,19,0
2793,N267_S15_HE.ome.tiff,19,19,0,0
2810,N268_S14_HE.ome.tiff,10,10,0,0
2805,N267_S16_HE.ome.tiff,8,8,0,0
2816,N268_S12_HE.ome.tiff,57,49,8,0
2786,N327_S08_HE.ome.tiff,53,37,16,0
2779,N327_S09_HE.ome.tiff,47,35,12,0
2822,N328_S21_HE.ome.tiff,4,4,0,0
2827,N269_S21_HE_Deeper.ome.tiff,7,7,0,0
2856,N270_S12_HE.ome.tiff,2,2,0,0
2840,N269_S19_HE.ome.tiff,14,14,0,0
2861,N270_S14_HE.ome.tiff,52,35,17,0
2871,N270_S15_HE.ome.tiff,32,27,5,0
2875,N271_S08_HE.ome.tiff,30,30,0,0
2835,N332_S15_HE.ome.tiff,12,12,0,0
2866,N335_S10_HE.ome.tiff,3,3,0,0
2931,N280_S12_HE.ome.tiff,20,13,7,0
2934,N280_S13_HE.ome.tiff,31,20,11,0
2937,N280_S15_HE.ome.tiff,17,17,0,0
2932,N280_S16_HE.ome.tiff,18,18,0,0
2935,N280_S08_HE.ome.tiff,35,35,0,0
2940,N281_S10_HE.ome.tiff,16,16,0,0
2946,N281_S11_HE.ome.tiff,65,56,9,0
2952,N281_S12_HE.ome.tiff,39,32,7,0
2947,N281_S13_HE.ome.tiff,19,11,8,0
2948,N281_S14_HE.ome.tiff,8,8,0,0
2949,N281_S15_HE.ome.tiff,8,8,0,0
2951,N281_S16_HE.ome.tiff,5,5,0,0
2943,N281_S17_HE.ome.tiff,4,4,0,0
2942,N281_S09_HE.ome.tiff,7,7,0,0
2964,N282_S10_HE.ome.tiff,48,48,0,0
2963,N282_S12_HE.ome.tiff,89,81,8,0
2956,N282_S13_HE.ome.tiff,60,35,25,0
2967,N282_S14_HE.ome.tiff,98,67,31,0
2958,N282_S15_HE.ome.tiff,52,52,0,0
2957,N282_S16_HE.ome.tiff,67,67,0,0
2955,N282_S17_HE.ome.tiff,28,28,0,0
2961,N282_S09_HE.ome.tiff,10,10,0,0
2971,N283_S10_HE.ome.tiff,41,24,17,0
2966,N283_S11_HE.ome.tiff,28,28,0,0
2975,N283_S12_HE.ome.tiff,35,35,0,0
2970,N283_S13_HE.ome.tiff,4,4,0,0
2969,N283_S15_HE.ome.tiff,5,5,0,0
2976,N283_S08_HE.ome.tiff,27,23,4,0
2968,N283_S09_HE.ome.tiff,57,46,11,0
2978,N285_S10_HE.ome.tiff,4,4,0,0
2981,N285_S11_HE.ome.tiff,10,10,0,0
2984,N285_S13_HE.ome.tiff,37,24,13,0
2980,N285_S15_HE.ome.tiff,12,12,0,0
2985,N285_S16_HE.ome.tiff,7,7,0,0
2977,N285_S09_HE.ome.tiff,10,10,0,0
2930,N338_S16_HE.ome.tiff,9,9,0,0
2928,N338_S09_HE.ome.tiff,6,6,0,0
2941,N345_S10_HE.ome.tiff,52,46,6,0
2933,N345_S12_HE.ome.tiff,20,20,0,0
2936,N345_S14_HE.ome.tiff,32,32,0,0
2944,N345_S15_HE.ome.tiff,7,7,0,0
2945,N345_S16_HE.ome.tiff,14,14,0,0
2983,N346_S12_HE.ome.tiff,113,113,0,0
2965,N346_S13_HE.ome.tiff,31,31,0,0
2950,N346_S14_HE.ome.tiff,162,162,0,0
2954,N346_S15_HE.ome.tiff,16,16,0,0
2962,N346_S16_HE.ome.tiff,9,9,0,0
2974,N346_S17_HE.ome.tiff,7,7,0,0
2982,N346_S19_HE.ome.tiff,3,3,0,0
2953,N346_S21_HE.ome.tiff,3,3,0,0
2972,N346_S22_HE.ome.tiff,3,3,0,0
2959,N346_S23_HE.ome.tiff,4,4,0,0
2986,N285_S14_HE.ome.tiff,54,30,24,0
3005,N286_S10_HE.ome.tiff,12,4,8,0
2998,N286_S11_HE.ome.tiff,32,24,8,0
3003,N286_S12_HE.ome.tiff,34,26,8,0
3000,N286_S14_HE.ome.tiff,8,8,0,0
2991,N286_S15_HE.ome.tiff,6,6,0,0
2990,N286_S16_HE.ome.tiff,5,5,0,0
2987,N286_S17_HE.ome.tiff,6,6,0,0
2996,N286_S09_HE.ome.tiff,8,8,0,0
3016,N287_S10_HE.ome.tiff,10,10,0,0
3022,N287_S11_HE.ome.tiff,20,20,0,0
3011,N287_S12_HE.ome.tiff,31,31,0,0
3024,N287_S13_HE.ome.tiff,57,42,15,0
3009,N287_S14_HE.ome.tiff,74,69,5,0
3008,N287_S15_HE.ome.tiff,83,78,5,0
3017,N287_S09_HE.ome.tiff,6,6,0,0
3021,N288_S10_HE.ome.tiff,34,29,5,0
3029,N288_S11_HE.ome.tiff,78,42,36,0
3036,N288_S12_HE.ome.tiff,73,65,8,0
3033,N288_S13_HE.ome.tiff,15,15,0,0
3034,N288_S14_HE.ome.tiff,32,32,0,0
3028,N288_S15_HE.ome.tiff,20,20,0,0
3032,N288_S16_HE.ome.tiff,14,14,0,0
3038,N288_S17_HE.ome.tiff,5,5,0,0
3026,N288_S09_HE.ome.tiff,25,25,0,0
3042,N289_S12_HE.ome.tiff,26,20,6,0
3037,N289_S09_HE.ome.tiff,5,5,0,0
2992,N346_S18_HE.ome.tiff,5,5,0,0
2995,N349_S08_HE.ome.tiff,11,11,0,0
2994,N349_S09_HE.ome.tiff,26,26,0,0
2999,N349_S10_HE.ome.tiff,46,46,0,0
2989,N349_S11_HE.ome.tiff,16,16,0,0
3001,N349_S12_HE.ome.tiff,100,100,0,0
2993,N349_S13_HE.ome.tiff,36,36,0,0
2997,N349_S14_HE.ome.tiff,81,81,0,0
3002,N349_S15_HE.ome.tiff,6,6,0,0
3010,N357_S13_HE.ome.tiff,29,29,0,0
3006,N357_S14_HE.ome.tiff,41,41,0,0
3027,N368_S10_HE.ome.tiff,102,102,0,0
3030,N368_S09_HE.ome.tiff,26,26,0,0
3031,N368_S11_HE.ome.tiff,58,58,0,0
3039,N372_S13_HE.ome.tiff,20,20,0,0
3051,N289_S11_HE.ome.tiff,42,27,15,0
3046,N289_S15_HE.ome.tiff,4,4,0,0
3064,N291_S10_HE.ome.tiff,19,11,8,0
3053,N291_S11_HE.ome.tiff,5,5,0,0
3072,N291_S12_HE.ome.tiff,18,15,3,0
3065,N291_S12_HE_Deeper.ome.tiff,19,10,9,0
3062,N291_S13_HE.ome.tiff,35,35,0,0
3060,N291_S14_HE.ome.tiff,13,13,0,0
3055,N291_S15_HE.ome.tiff,3,3,0,0
3068,N291_S16_HE.ome.tiff,4,4,0,0
3061,N291_S17_HE.ome.tiff,5,5,0,0
3056,N291_S09_HE.ome.tiff,3,3,0,0
3084,N292_S10_HE.ome.tiff,4,4,0,0
3077,N292_S12_HE.ome.tiff,32,23,9,0
3078,N292_S13_HE.ome.tiff,42,35,7,0
3079,N292_S14_HE.ome.tiff,43,22,21,0
3083,N292_S15_HE.ome.tiff,9,9,0,0
3071,N292_S08_HE.ome.tiff,2,2,0,0
3073,N292_S09_HE.ome.tiff,6,6,0,0
3086,N293_S11_HE.ome.tiff,58,42,16,0
3091,N293_S12_HE.ome.tiff,29,29,0,0
3096,N293_S13_HE.ome.tiff,28,28,0,0
3097,N293_S14_HE.ome.tiff,21,21,0,0
3098,N293_S15_HE.ome.tiff,30,30,0,0
3085,N293_S16_HE.ome.tiff,5,5,0,0
3092,N293_S16_HE_Deeper.ome.tiff,4,4,0,0
3099,N293_S17_HE.ome.tiff,6,6,0,0
3101,N293_S17_HE_Deeper.ome.tiff,7,7,0,0
3089,N293_S18_HE.ome.tiff,4,4,0,0
3047,N372_S10_HE.ome.tiff,56,56,0,0
3049,N376_S08_HE.ome.tiff,69,69,0,0
3052,N372_S11_HE.ome.tiff,35,35,0,0
3054,N376_S09_HE.ome.tiff,33,33,0,0
3057,N376_S11_HE.ome.tiff,40,40,0,0
3059,N376_S12_HE.ome.tiff,39,39,0,0
3066,N377_S15_HE.ome.tiff,36,36,0,0
3070,N377_S16_HE.ome.tiff,6,6,0,0
3076,N377_S14_HE.ome.tiff,34,34,0,0
3081,N378_S13_HE.ome.tiff,12,12,0,0
3082,N378_S11_HE.ome.tiff,38,38,0,0
3093,N378_S14_HE.ome.tiff,14,14,0,0
3095,N378_S12_HE.ome.tiff,12,12,0,0
3100,N379_S14_HE.ome.tiff,56,56,0,0
3151,N290_S14_HE_Deeper.ome.tiff,23,8,15,0
2869,N270_S13_HE.ome.tiff,6,6,0,0
2865,N270_S16_HE.ome.tiff,34,22,12,0
2864,N270_S09_HE.ome.tiff,2,2,0,0
2873,N271_S13_HE.ome.tiff,58,58,0,0
2910,N278_S12_HE.ome.tiff,43,37,6,0
2920,N278_S18_HE.ome.tiff,3,3,0,0
2929,N280_S11_HE.ome.tiff,29,21,8,0
3104,N293_S09_HE.ome.tiff,33,14,19,0
3106,N296_S10_HE.ome.tiff,39,31,8,0
3107,N296_S11_HE.ome.tiff,35,27,8,0
3110,N296_S12_HE.ome.tiff,63,36,27,0
3116,N296_S13_HE.ome.tiff,52,52,0,0
3119,N296_S14_HE.ome.tiff,41,41,0,0
3118,N296_S15_HE.ome.tiff,7,7,0,0
3112,N296_S16_HE.ome.tiff,20,20,0,0
3105,N296_S17_HE.ome.tiff,6,6,0,0
3111,N296_S09_HE.ome.tiff,18,18,0,0
3125,N297_S10_HE.ome.tiff,24,15,9,0
3127,N297_S11_HE.ome.tiff,20,12,8,0
3123,N297_S12_HE.ome.tiff,13,13,0,0
3122,N297_S13_HE.ome.tiff,6,6,0,0
3121,N297_S14_HE.ome.tiff,7,7,0,0
3120,N297_S08_HE.ome.tiff,25,19,6,0
3124,N297_S09_HE.ome.tiff,2,2,0,0
3133,N298_S10_HE.ome.tiff,48,48,0,0
3130,N298_S11_HE.ome.tiff,20,20,0,0
3132,N298_S12_HE.ome.tiff,60,50,10,0
3129,N298_S14_HE.ome.tiff,17,17,0,0
3131,N298_S08_HE.ome.tiff,65,53,12,0
3128,N298_S09_HE.ome.tiff,78,68,10,0
3135,N299_S10_HE.ome.tiff,22,13,9,0
3134,N299_S11_HE.ome.tiff,38,17,21,0
3143,N299_S12_HE.ome.tiff,42,22,20,0
3138,N299_S13_HE.ome.tiff,29,29,0,0
3136,N299_S14_HE.ome.tiff,5,5,0,0
3139,N299_S15_HE.ome.tiff,5,5,0,0
3137,N299_S09_HE.ome.tiff,7,7,0,0
3142,N300_S10_HE.ome.tiff,67,67,0,0
3141,N300_S12_HE.ome.tiff,52,41,11,0
3146,N300_S13_HE.ome.tiff,268,40,228,0
3144,N300_S14_HE.ome.tiff,33,33,0,0
3145,N300_S15_HE.ome.tiff,7,7,0,0
3140,N300_S08_HE.ome.tiff,31,31,0,0
3148,N300_S09_HE.ome.tiff,27,27,0,0
3109,N379_S16_HE.ome.tiff,41,41,0,0
3117,N379_S15_HE.ome.tiff,51,51,0,0
2939,N280_S17_HE.ome.tiff,5,5,0,0
2927,N280_S09_HE.ome.tiff,16,16,0,0
2960,N282_S11_HE.ome.tiff,24,24,0,0
2973,N283_S14_HE.ome.tiff,6,6,0,0
2988,N285_S12_HE.ome.tiff,49,30,19,0
3007,N286_S13_HE.ome.tiff,7,7,0,0
3020,N287_S08_HE.ome.tiff,6,6,0,0
3045,N289_S10_HE.ome.tiff,31,22,9,0
3050,N289_S13_HE.ome.tiff,27,27,0,0
3040,N289_S14_HE.ome.tiff,11,11,0,0
3080,N292_S11_HE.ome.tiff,13,13,0,0
3102,N293_S10_HE.ome.tiff,32,26,6,0
3094,N293_S15_HE_Deeper.ome.tiff,21,21,0,0
3113,N296_S18_HE.ome.tiff,7,7,0,0
3126,N298_S13_HE.ome.tiff,25,25,0,0
3147,N300_S11_HE.ome.tiff,62,43,19,0
2850,N335_S24_HE.ome.tiff,6,6,0,0
2913,N337_S17_HE.ome.tiff,3,3,0,0
2926,N338_S15_HE.ome.tiff,8,8,0,0
2938,N345_S11_HE.ome.tiff,20,20,0,0
2979,N346_S20_HE.ome.tiff,4,4,0,0
3153,N469_S16_HE.ome.tiff,26,26,0,0
3155,N469_S20_HE.ome.tiff,10,10,0,0
3156,N469_S21_HE.ome.tiff,7,7,0,0
3013,N357_S12_HE.ome.tiff,31,31,0,0
1963,N352_S13_HE.ome.tiff,8,8,0,0
3162,N479_S13_HE.ome.tiff,124,124,0,0
3164,N479_S14_HE.ome.tiff,6,6,0,0
3167,N479_S15_HE.ome.tiff,91,91,0,0
3175,N471_S11_HE.ome.tiff,109,109,0,0
3179,N471_S10_HE.ome.tiff,30,30,0,0
3181,N437_S11_HE_temp.ome.tiff,27,27,0,0
3183,N437_S12_HE_temp.ome.tiff,20,20,0,0
3185,N461_S08_HE.ome.tiff,39,39,0,0
3186,N467_S15_HE.ome.tiff,30,30,0,0
3187,N467_S14_HE.ome.tiff,45,45,0,0
3188,N461_S09_HE.ome.tiff,15,15,0,0
3194,N465_S10_HE.ome.tiff,8,8,0,0
3195,N462_S08_HE.ome.tiff,11,11,0,0
3196,N461_S10_HE.ome.tiff,11,11,0,0
3203,N505_S09_HE.ome.tiff,61,61,0,0
3204,N505_S10_HE.ome.tiff,27,27,0,0
3205,N505_S12_HE.ome.tiff,27,27,0,0
1984,N355_S17_HE.ome.tiff,8,8,0,0
1903,N353_S11_HE.ome.tiff,28,28,0,0
2009,N354_S13_HE.ome.tiff,3,3,0,0
1958,N373_S14_HE.ome.tiff,23,23,0,0
2075,N388_S11_HE.ome.tiff,33,33,0,0
2513,N402_S11_HE.ome.tiff,16,16,0,0
4565,N515_S13_HE.ome.tiff,62,62,0,0
4654,N517_S11_HE.ome.tiff,34,34,0,0
4759,N395_S16_HE.ome.tiff,19,19,0,0
4845,N429_S17_HE.ome.tiff,39,39,0,0
5281,N133_S09_HE.ome.tiff,20,10,10,0
5360,N154_S09_HE.ome.tiff,31,16,15,0
5399,N179_S06_HE.ome.tiff,116,111,5,0
5476,N159_S06_HE.ome.tiff,107,97,10,0
4610,N527_S10_HE.ome.tiff,23,23,0,0
4518,N518_S16_HE.ome.tiff,38,38,0,0
4566,N515_S12_HE.ome.tiff,50,50,0,0
4655,N517_S12_HE.ome.tiff,55,55,0,0
4760,N405_S11_HE.ome.tiff,5,5,0,0
5161,N497_S08_HE.ome.tiff,122,122,0,0
5282,N133_S08_HE.ome.tiff,26,21,5,0
5322,N153_S06_HE.ome.tiff,47,40,7,0
4847,N430_S12_HE_temp.ome.tiff,63,63,0,0
4432,N296_S12_HE_Deeper.ome.tiff,122,122,0,0
4675,N503_S08_HE.ome.tiff,7,7,0,0
4519,N518_S18_HE.ome.tiff,28,28,0,0
4567,N515_S14_HE.ome.tiff,50,50,0,0
4656,N517_S14_HE.ome.tiff,7,7,0,0
4761,N405_S12_HE.ome.tiff,2,2,0,0
4881,N441_S13_HE.ome.tiff,42,42,0,0
3428,N366_S19_HE.ome.tiff,11,11,0,0
4848,N432_S09_HE_temp.ome.tiff,3,3,0,0
4520,N518_S21_HE.ome.tiff,52,52,0,0
4612,N527_S11_HE.ome.tiff,72,72,0,0
4657,N517_S15_HE.ome.tiff,4,4,0,0
4670,N520_S11_HE.ome.tiff,23,23,0,0
4676,N503_S09_HE.ome.tiff,8,8,0,0
4805,N436_S25_HE.ome.tiff,7,7,0,0
4918,N461_S13_HE.ome.tiff,17,17,0,0
5050,N471_S13_HE.ome.tiff,136,136,0,0
5049,N471_S17_HE.ome.tiff,18,18,0,0
3387,N360_S15_HE.ome.tiff,13,13,0,0
3386,N370_S09_HE.ome.tiff,2,2,0,0
3429,N366_S17_HE.ome.tiff,41,41,0,0
3370,N359_S10_HE.ome.tiff,31,31,0,0
4878,N420_S13_HE_temp.ome.tiff,24,24,0,0
4879,N420_S14_HE_temp.ome.tiff,13,13,0,0
4521,N518_S19_HE.ome.tiff,17,17,0,0
4569,N515_S18_HE.ome.tiff,24,24,0,0
4658,N517_S13_HE.ome.tiff,28,28,0,0
4880,N441_S10_HE.ome.tiff,22,22,0,0
4884,N441_S14_HE.ome.tiff,67,67,0,0
4963,N449_S17_HE.ome.tiff,73,73,0,0
5162,N497_S09_HE.ome.tiff,64,64,0,0
4677,N503_S10_HE.ome.tiff,11,11,0,0
3371,N359_S09_HE.ome.tiff,30,30,0,0
3388,N370_S13_HE.ome.tiff,23,23,0,0
5323,N153_S07_HE.ome.tiff,44,26,18,0
5361,N154_S08_HE.ome.tiff,60,16,44,0
5400,N179_S07_HE.ome.tiff,110,103,7,0
5439,N161_S09_HE.ome.tiff,18,18,0,0
5477,N159_S07_HE.ome.tiff,178,160,18,0
5514,N274_S10_HE.ome.tiff,69,64,5,0
4850,N432_S10_HE_temp.ome.tiff,45,45,0,0
4659,N519_S08_HE.ome.tiff,7,7,0,0
4522,N518_S20_HE.ome.tiff,11,11,0,0
4570,N515_S17_HE.ome.tiff,13,13,0,0
4614,N527_S13_HE.ome.tiff,74,74,0,0
4885,N441_S15_HE.ome.tiff,12,12,0,0
5052,N473_S09_HE.ome.tiff,14,14,0,0
5164,N497_S10_HE.ome.tiff,66,66,0,0
5205,N465_S14_HE.ome.tiff,7,7,0,0
4678,N503_S11_HE.ome.tiff,10,10,0,0
3389,N370_S15_HE.ome.tiff,5,5,0,0
3372,N359_S14_HE.ome.tiff,5,5,0,0
5401,N179_S08_HE.ome.tiff,43,2,41,0
1527,N410_S13_HE_Deeper.ome.tiff,41,41,0,0
2059,N428_S12_HE_Deeper_temp.ome.tiff,69,69,0,0
4571,N515_S16_HE.ome.tiff,45,45,0,0
4615,N527_S14_HE.ome.tiff,29,29,0,0
4660,N519_S09_HE.ome.tiff,20,20,0,0
4679,N503_S14_HE.ome.tiff,6,6,0,0
4722,N394_S12_HE.ome.tiff,32,32,0,0
4921,N462_S15_HE.ome.tiff,17,17,0,0
5053,N471_S16_HE.ome.tiff,26,26,0,0
5122,N456_S09_HE.ome.tiff,50,50,0,0
5165,N497_S14_HE.ome.tiff,10,10,0,0
5206,N462_S14_HE.ome.tiff,66,66,0,0
3432,N366_S15_HE.ome.tiff,36,36,0,0
3390,N360_S12_HE.ome.tiff,33,33,0,0
4808,N436_S13_HE_temp.ome.tiff,25,25,0,0
4852,N432_S13_HE_temp.ome.tiff,13,13,0,0
2272,N253_S13_HE_Deeper.ome.tiff,26,10,16,0
2277,N253_S12_HE_Deeper.ome.tiff,19,13,6,0
2281,N253_S15_HE_Deeper.ome.tiff,27,23,4,0
4572,N515_S19_HE.ome.tiff,3,3,0,0
4616,N527_S15_HE.ome.tiff,30,30,0,0
4661,N519_S10_HE.ome.tiff,21,21,0,0
4887,N441_S16_HE.ome.tiff,13,13,0,0
4922,N462_S16_HE.ome.tiff,12,12,0,0
5055,N473_S13_HE.ome.tiff,22,22,0,0
5123,N461_S14_HE.ome.tiff,4,4,0,0
3374,N359_S08_HE.ome.tiff,25,25,0,0
3433,N366_S14_HE.ome.tiff,19,19,0,0
1951,N222_S08_HE.ome.tiff,7,7,0,0
1954,N222_S13_HE.ome.tiff,21,21,0,0
1987,N184_S10_HE.ome.tiff,13,13,0,0
2190,N380_S13_HE.ome.tiff,10,10,0,0
2307,N255_S12_HE.ome.tiff,147,113,32,2
4662,N519_S11_HE.ome.tiff,25,25,0,0
4681,N503_S12_HE.ome.tiff,15,15,0,0
4888,N441_S17_HE.ome.tiff,3,3,0,0
4923,N461_S15_HE.ome.tiff,6,6,0,0
4967,N455_S11_HE.ome.tiff,95,95,0,0
5056,N473_S12_HE.ome.tiff,25,25,0,0
5167,N497_S13_HE.ome.tiff,15,15,0,0
3373,N359_S12_HE.ome.tiff,6,6,0,0
3434,N367_S11_HE.ome.tiff,8,8,0,0
4618,N527_S19_HE.ome.tiff,8,8,0,0
4663,N519_S12_HE.ome.tiff,21,21,0,0
4768,N405_S16_HE.ome.tiff,15,15,0,0
4889,N443_S11_HE.ome.tiff,18,18,0,0
4924,N467_S08_HE.ome.tiff,67,67,0,0
5168,N497_S12_HE.ome.tiff,36,36,0,0
3377,N359_S11_HE.ome.tiff,13,13,0,0
3436,N367_S16_HE.ome.tiff,21,21,0,0
3375,N359_S13_HE.ome.tiff,5,5,0,0
3376,N359_S15_HE.ome.tiff,6,6,0,0
3392,N360_S09_HE.ome.tiff,6,6,0,0
437,N110_S06_HE_Deeper_2.ome.tiff,15,6,9,0
4664,N519_S13_HE.ome.tiff,35,35,0,0
4769,N406_S10_HE.ome.tiff,6,6,0,0
4969,N455_S15_HE.ome.tiff,76,76,0,0
5104,N489_S09_HE.ome.tiff,6,6,0,0
4683,N504_S12_HE.ome.tiff,63,63,0,0
3378,N370_S11_HE.ome.tiff,40,40,0,0
3394,N362_S18_HE.ome.tiff,15,15,0,0
3437,N367_S12_HE.ome.tiff,12,12,0,0
5403,N180_S05_HE.ome.tiff,47,32,15,0
5442,N161_S11_HE.ome.tiff,15,15,0,0
5246,TMA1_HE.ome.tiff,215,211,4,0
4473,N138_S06_HE.ome.tiff,24,17,7,0
4620,N527_S20_HE.ome.tiff,6,6,0,0
4665,N519_S14_HE.ome.tiff,9,9,0,0
4684,N503_S13_HE.ome.tiff,13,13,0,0
4926,N467_S09_HE.ome.tiff,55,55,0,0
5105,N488_S14_HE.ome.tiff,4,4,0,0
3379,N360_S16_HE.ome.tiff,10,10,0,0
3395,N362_S12_HE.ome.tiff,46,46,0,0
5516,N274_S11_HE.ome.tiff,56,46,10,0
4474,N138_S07_HE.ome.tiff,35,29,6,0
4622,N527_S18_HE.ome.tiff,12,12,0,0
4666,N519_S15_HE.ome.tiff,4,4,0,0
4771,N406_S12_HE.ome.tiff,9,9,0,0
4892,N443_S13_HE.ome.tiff,19,19,0,0
4927,N465_S16_HE.ome.tiff,6,6,0,0
4971,N456_S10_HE.ome.tiff,116,116,0,0
5106,N488_S15_HE.ome.tiff,5,5,0,0
4685,N504_S14_HE.ome.tiff,39,39,0,0
5069,N478_S12_HE.ome.tiff,28,28,0,0
3380,N360_S10_HE.ome.tiff,14,14,0,0
3396,N362_S13_HE.ome.tiff,47,47,0,0
3439,N367_S15_HE.ome.tiff,24,24,0,0
5444,N162_S09_HE.ome.tiff,10,10,0,0
5517,N274_S12_HE.ome.tiff,90,75,15,0
4667,N520_S08_HE.ome.tiff,6,6,0,0
4859,N436_S21_HE.ome.tiff,7,7,0,0
5107,N489_S10_HE.ome.tiff,43,43,0,0
3440,N367_S09_HE.ome.tiff,4,4,0,0
3381,N360_S11_HE.ome.tiff,22,22,0,0
3397,N362_S14_HE.ome.tiff,41,41,0,0
5329,N144_S09_HE.ome.tiff,55,50,5,0
5368,N155_S08_HE.ome.tiff,17,9,8,0
5445,N163_S06_HE.ome.tiff,29,29,0,0
5550,N530_S10_HE.ome.tiff,6,6,0,0
5614,N218_S14_HE.ome.tiff,14,14,0,0
4476,N138_S08_HE.ome.tiff,34,26,8,0
4624,N502_S10_HE.ome.tiff,155,155,0,0
4668,N520_S09_HE.ome.tiff,13,13,0,0
4929,N467_S11_HE.ome.tiff,68,68,0,0
5108,N488_S12_HE.ome.tiff,57,57,0,0
3382,N370_S12_HE.ome.tiff,51,51,0,0
3398,N362_S16_HE.ome.tiff,13,13,0,0
3441,N367_S10_HE.ome.tiff,45,45,0,0
5446,N162_S11_HE.ome.tiff,27,27,0,0
5551,N530_S11_HE.ome.tiff,8,8,0,0
5583,N533_S14_HE.ome.tiff,91,91,0,0
5649,N133_S07_HE.ome.tiff,31,28,3,0
4861,N423_S11_HE_temp.ome.tiff,43,43,0,0
4669,N520_S10_HE.ome.tiff,7,7,0,0
4774,N406_S15_HE.ome.tiff,14,14,0,0
4895,N444_S10_HE.ome.tiff,169,169,0,0
4930,N467_S12_HE.ome.tiff,93,93,0,0
5109,N489_S11_HE.ome.tiff,61,61,0,0
3383,N360_S08_HE.ome.tiff,16,16,0,0
3442,N369_S09_HE.ome.tiff,10,10,0,0
3399,N362_S19_HE.ome.tiff,3,3,0,0
5484,N261_S09_HE.ome.tiff,20,8,12,0
5370,N156_S07_HE.ome.tiff,53,47,6,0
5408,N181_S08_HE.ome.tiff,88,81,7,0
5448,N163_S09_HE.ome.tiff,73,63,10,0
5552,N530_S12_HE.ome.tiff,11,11,0,0
5616,N218_S15_HE.ome.tiff,25,25,0,0
5293,N135_S07_HE.ome.tiff,34,21,13,0
4533,N506_S11_HE.ome.tiff,188,188,0,0
4626,N502_S12_HE.ome.tiff,88,88,0,0
4671,N520_S12_HE.ome.tiff,52,52,0,0
4862,N429_S15_HE.ome.tiff,79,79,0,0
4896,N444_S11_HE.ome.tiff,215,215,0,0
4976,N456_S11_HE.ome.tiff,87,87,0,0
5110,N490_S09_HE.ome.tiff,24,24,0,0
3384,N370_S10_HE.ome.tiff,19,19,0,0
3400,N362_S17_HE.ome.tiff,16,16,0,0
3443,N367_S14_HE.ome.tiff,21,21,0,0
5294,N135_S08_HE.ome.tiff,39,31,8,0
5553,N530_S14_HE.ome.tiff,53,53,0,0
5617,N219_S09_HE.ome.tiff,26,26,0,0
4479,N151_S12_HE.ome.tiff,101,101,0,0
4534,N506_S10_HE.ome.tiff,138,138,0,0
4582,N522_S08_HE.ome.tiff,10,10,0,0
4627,N502_S13_HE.ome.tiff,83,83,0,0
4672,N520_S15_HE.ome.tiff,5,5,0,0
4733,N398_S13_HE.ome.tiff,18,18,0,0
4776,N405_S15_HE.ome.tiff,5,5,0,0
4897,N444_S12_HE.ome.tiff,192,192,0,0
5111,N489_S12_HE.ome.tiff,87,87,0,0
5133,N471_S14_HE.ome.tiff,60,60,0,0
4690,N504_S13_HE.ome.tiff,70,70,0,0
5372,N155_S10_HE.ome.tiff,21,12,9,0
3385,N370_S14_HE.ome.tiff,34,34,0,0
3401,N363_S15_HE.ome.tiff,35,35,0,0
5410,N181_S09_HE.ome.tiff,64,56,8,0
5450,N164_S09_HE.ome.tiff,36,36,0,0
5486,N261_S11_HE.ome.tiff,68,64,4,0
5554,N530_S13_HE.ome.tiff,85,85,0,0
5586,N533_S16_HE.ome.tiff,40,40,0,0
5618,N218_S16_HE.ome.tiff,5,5,0,0
5653,N147_S11_HE.ome.tiff,150,96,54,0
4535,N506_S12_HE.ome.tiff,129,129,0,0
4673,N520_S14_HE.ome.tiff,4,4,0,0
4933,N465_S15_HE.ome.tiff,13,13,0,0
5112,N489_S13_HE.ome.tiff,114,114,0,0
5374,N156_S08_HE.ome.tiff,134,118,16,0
5451,N164_S10_HE.ome.tiff,56,56,0,0
3402,N363_S10_HE.ome.tiff,3,3,0,0
3403,N362_S11_HE.ome.tiff,41,41,0,0
5255,N390_S14_HE.ome.tiff,2,2,0,0
5296,N135_S09_HE.ome.tiff,25,21,4,0
5373,N157_S06_HE.ome.tiff,36,32,4,0
5555,N530_S15_HE.ome.tiff,21,21,0,0
5587,N534_S09_HE.ome.tiff,5,5,0,0
5620,N219_S11_HE.ome.tiff,21,21,0,0
5619,N219_S13_HE.ome.tiff,5,5,0,0
4481,N151_S13_HE.ome.tiff,56,56,0,0
4584,N522_S09_HE.ome.tiff,19,19,0,0
4674,N520_S13_HE.ome.tiff,55,55,0,0
5022,N483_S28_HE.ome.tiff,4,4,0,0
5113,N489_S14_HE.ome.tiff,95,95,0,0
5178,N488_S13_HE.ome.tiff,10,10,0,0
5488,N261_S10_HE.ome.tiff,67,39,28,0
3446,N369_S13_HE.ome.tiff,63,63,0,0
5556,N530_S16_HE.ome.tiff,43,43,0,0
5666,N189_S09_HE.ome.tiff,62,56,6,0
5695,N212_S14_HE.ome.tiff,106,101,5,0
4482,N277_S08_HE.ome.tiff,125,115,10,0
4865,N423_S16_HE_temp.ome.tiff,3,3,0,0
4585,N522_S10_HE.ome.tiff,30,30,0,0
4779,N389_S16_HE.ome.tiff,5,5,0,0
5070,N478_S13_HE.ome.tiff,10,10,0,0
5114,N490_S10_HE.ome.tiff,60,60,0,0
4693,N509_S11_HE.ome.tiff,37,37,0,0
5222,N473_S17_HE.ome.tiff,6,6,0,0
3405,N363_S16_HE.ome.tiff,47,47,0,0
3447,N369_S15_HE.ome.tiff,17,17,0,0
5257,N109_S07_HE.ome.tiff,20,13,7,0
5376,N156_S09_HE.ome.tiff,99,89,10,0
5775,N232_S10_HE.ome.tiff,92,28,64,0
4483,N277_S09_HE.ome.tiff,72,66,6,0
4586,N522_S11_HE.ome.tiff,56,56,0,0
4631,N510_S10_HE.ome.tiff,82,82,0,0
5071,N479_S16_HE.ome.tiff,30,30,0,0
5115,N490_S12_HE.ome.tiff,118,118,0,0
5223,N473_S16_HE.ome.tiff,8,8,0,0
4694,N509_S12_HE.ome.tiff,42,42,0,0
3406,N363_S14_HE.ome.tiff,33,33,0,0
3407,N363_S12_HE.ome.tiff,5,5,0,0
3448,N369_S10_HE.ome.tiff,7,7,0,0
5258,N109_S06_HE.ome.tiff,15,10,5,0
5337,N148_S05_HE.ome.tiff,52,46,6,0
5454,N164_S11_HE.ome.tiff,28,19,9,0
5558,N530_S18_HE.ome.tiff,7,7,0,0
5776,N232_S11_HE.ome.tiff,48,39,9,0
4484,N277_S10_HE.ome.tiff,114,108,6,0
4539,N507_S09_HE.ome.tiff,32,32,0,0
4587,N522_S12_HE.ome.tiff,11,11,0,0
4738,N389_S14_HE.ome.tiff,18,18,0,0
4781,N394_S14_HE.ome.tiff,30,30,0,0
5025,N500_S10_HE.ome.tiff,8,8,0,0
5116,N490_S15_HE.ome.tiff,46,46,0,0
5224,N473_S10_HE.ome.tiff,45,45,0,0
3408,N363_S13_HE.ome.tiff,6,6,0,0
3449,N369_S12_HE.ome.tiff,61,61,0,0
3450,N369_S14_HE.ome.tiff,30,30,0,0
5559,N530_S17_HE.ome.tiff,6,6,0,0
5591,N534_S11_HE.ome.tiff,41,41,0,0
5658,N157_S07_HE.ome.tiff,29,23,6,0
5669,N189_S10_HE.ome.tiff,109,101,8,0
5698,N213_S13_HE.ome.tiff,20,16,4,0
4540,N507_S10_HE.ome.tiff,57,57,0,0
4541,N507_S11_HE.ome.tiff,40,40,0,0
4633,N510_S11_HE.ome.tiff,71,71,0,0
5338,N147_S12_HE.ome.tiff,90,0,90,0
4983,N458_S12_HE.ome.tiff,34,34,0,0
5660,N153_S08_HE.ome.tiff,60,45,15,0
3409,N363_S11_HE.ome.tiff,6,6,0,0
3451,N371_S10_HE.ome.tiff,24,24,0,0
5261,N109_S08_HE.ome.tiff,24,12,12,0
5301,N139_S06_HE.ome.tiff,52,28,24,0
5340,N148_S06_HE.ome.tiff,75,65,10,0
5416,N238_S11_HE.ome.tiff,25,25,0,0
5592,N534_S12_HE.ome.tiff,33,33,0,0
5670,N189_S11_HE.ome.tiff,83,70,13,0
5699,N213_S17_HE.ome.tiff,29,29,0,0
4589,N522_S14_HE.ome.tiff,11,11,0,0
4590,N522_S15_HE.ome.tiff,6,6,0,0
4634,N510_S12_HE.ome.tiff,64,64,0,0
4869,N423_S12_HE_temp.ome.tiff,30,30,0,0
4939,N505_S08_HE.ome.tiff,44,44,0,0
5027,N500_S11_HE.ome.tiff,7,7,0,0
5075,N481_S08_HE.ome.tiff,12,12,0,0
5457,N358_S11_HE.ome.tiff,59,59,0,0
3410,N364_S14_HE.ome.tiff,5,5,0,0
3452,N371_S08_HE.ome.tiff,38,38,0,0
5302,N136_S08_HE.ome.tiff,18,11,7,0
5593,N534_S13_HE.ome.tiff,38,38,0,0
5700,N213_S14_HE.ome.tiff,70,66,4,0
4870,N421_S10_HE_temp.ome.tiff,6,6,0,0
5028,N500_S13_HE.ome.tiff,22,22,0,0
5594,N534_S14_HE.ome.tiff,108,108,0,0
3453,N371_S14_HE.ome.tiff,5,5,0,0
3411,N364_S08_HE.ome.tiff,18,18,0,0
5303,N136_S10_HE.ome.tiff,15,12,3,0
5419,N238_S13_HE.ome.tiff,56,56,0,0
5458,N358_S12_HE.ome.tiff,58,58,0,0
5701,N212_S12_HE.ome.tiff,82,67,15,0
5778,N232_S12_HE.ome.tiff,108,82,26,0
5807,N235_S08_HE.ome.tiff,75,69,6,0
5673,N149_S08_HE.ome.tiff,36,16,20,0
4636,N510_S13_HE.ome.tiff,23,23,0,0
4699,N511_S13_HE.ome.tiff,29,29,0,0
4785,N431_S11_HE_temp.ome.tiff,36,36,0,0
4828,N426_S09_HE_temp.ome.tiff,1,0,1,0
4872,N431_S12_HE_temp.ome.tiff,35,35,0,0
5029,N500_S12_HE.ome.tiff,7,7,0,0
5702,N213_S18_HE.ome.tiff,18,18,0,0
3454,N359_S10_HE.ome.tiff,13,13,0,0
3412,N364_S13_HE.ome.tiff,35,35,0,0
5420,N351_S08_HE.ome.tiff,27,27,0,0
5495,N263_S11_HE.ome.tiff,35,29,6,0
5595,N534_S15_HE.ome.tiff,57,57,0,0
5734,N186_S12_HE.ome.tiff,65,59,6,0
5757,N210_S12_HE.ome.tiff,94,81,13,0
4593,N514_S09_HE.ome.tiff,38,38,0,0
4637,N513_S09_HE.ome.tiff,9,9,0,0
4743,N390_S20_HE.ome.tiff,15,15,0,0
4906,N421_S11_HE_temp.ome.tiff,30,30,0,0
4786,N431_S10_HE_temp.ome.tiff,21,21,0,0
4987,N458_S13_HE.ome.tiff,33,33,0,0
3413,N364_S09_HE.ome.tiff,65,65,0,0
3455,N359_S09_HE.ome.tiff,29,29,0,0
5265,N109_S10_HE.ome.tiff,9,9,0,0
5496,N263_S10_HE.ome.tiff,28,17,11,0
5704,N214_S11_HE.ome.tiff,160,86,74,0
5803,N243_S13_HE.ome.tiff,40,40,0,0
5808,N235_S09_HE.ome.tiff,108,82,26,0
5266,N122_S09_HE.ome.tiff,67,50,17,0
4547,N508_S11_HE.ome.tiff,112,112,0,0
4701,N511_S14_HE.ome.tiff,55,55,0,0
4908,N446_S13_HE.ome.tiff,103,103,0,0
5344,N148_S07_HE.ome.tiff,81,61,20,0
4830,N426_S12_HE_temp.ome.tiff,1,1,0,0
4874,N420_S11_HE_temp.ome.tiff,24,24,0,0
5384,N158_S11_HE.ome.tiff,60,47,13,0
5423,N238_S15_HE.ome.tiff,22,22,0,0
3414,N364_S10_HE.ome.tiff,61,61,0,0
3456,N371_S12_HE.ome.tiff,36,36,0,0
5597,N534_S17_HE.ome.tiff,26,26,0,0
5705,N214_S17_HE.ome.tiff,11,11,0,0
5804,N243_S14_HE.ome.tiff,35,35,0,0
4548,N508_S12_HE.ome.tiff,101,101,0,0
4639,N513_S10_HE.ome.tiff,37,37,0,0
4702,N511_S16_HE.ome.tiff,26,26,0,0
5080,N481_S11_HE.ome.tiff,20,20,0,0
4875,N420_S12_HE_temp.ome.tiff,28,28,0,0
5598,N534_S20_HE.ome.tiff,2,2,0,0
3415,N364_S12_HE.ome.tiff,43,43,0,0
3457,N359_S12_HE.ome.tiff,5,5,0,0
5307,N139_S08_HE.ome.tiff,68,48,20,0
5385,N158_S12_HE.ome.tiff,83,79,4,0
5805,N243_S15_HE.ome.tiff,35,35,0,0
5810,N235_S11_HE.ome.tiff,112,107,5,0
4549,N508_S13_HE.ome.tiff,51,51,0,0
4640,N513_S11_HE.ome.tiff,68,68,0,0
4703,N516_S18_HE.ome.tiff,2,2,0,0
5033,N495_S10_HE.ome.tiff,37,37,0,0
3416,N365_S09_HE.ome.tiff,22,22,0,0
3458,N371_S09_HE.ome.tiff,34,34,0,0
5599,N534_S18_HE.ome.tiff,23,23,0,0
5634,N253_S11_HE.ome.tiff,167,160,7,0
5677,N190_S12_HE.ome.tiff,27,21,6,0
5806,N442_S13_HE.ome.tiff,44,44,0,0
5500,N263_S13_HE.ome.tiff,55,52,3,0
4550,N508_S14_HE.ome.tiff,29,29,0,0
4641,N513_S12_HE.ome.tiff,54,54,0,0
4991,N458_S18_HE.ome.tiff,22,22,0,0
5034,N495_S11_HE.ome.tiff,60,60,0,0
5083,N483_S11_HE.ome.tiff,63,63,0,0
5600,N534_S19_HE.ome.tiff,11,11,0,0
3417,N364_S15_HE.ome.tiff,11,11,0,0
3459,N371_S11_HE.ome.tiff,35,35,0,0
4833,N426_S10_HE_temp.ome.tiff,4,4,0,0
5309,N150_S05_HE.ome.tiff,53,31,22,0
5708,N213_S15_HE.ome.tiff,72,72,0,0
5785,N233_S10_HE.ome.tiff,130,125,5,0
3418,N364_S11_HE.ome.tiff,44,44,0,0
3460,N371_S13_HE.ome.tiff,7,7,0,0
5035,N495_S12_HE.ome.tiff,34,34,0,0
5191,N442_S12_HE.ome.tiff,35,35,0,0
5084,N483_S12_HE.ome.tiff,48,48,0,0
5349,N149_S06_HE.ome.tiff,78,62,16,0
5427,N351_S09_HE.ome.tiff,44,44,0,0
5465,N180_S06_HE.ome.tiff,13,6,7,0
5501,N273_S08_HE.ome.tiff,129,92,37,0
5678,N190_S13_HE.ome.tiff,65,8,57,0
4912,N421_S13_HE_temp.ome.tiff,29,29,0,0
5601,N534_S21_HE.ome.tiff,9,9,0,0
5636,N163_S07_HE.ome.tiff,101,93,8,0
5763,N211_S11_HE.ome.tiff,93,86,7,0
5786,N233_S12_HE.ome.tiff,68,57,11,0
4643,N513_S15_HE.ome.tiff,85,85,0,0
4706,N516_S17_HE.ome.tiff,22,22,0,0
4749,N395_S14_HE.ome.tiff,12,12,0,0
4792,N436_S10_HE.ome.tiff,14,14,0,0
5085,N483_S15_HE.ome.tiff,16,16,0,0
3419,N365_S11_HE.ome.tiff,6,6,0,0
3461,N359_S14_HE.ome.tiff,5,5,0,0
5311,N150_S06_HE.ome.tiff,46,34,12,0
5350,N149_S07_HE.ome.tiff,74,56,18,0
5637,N164_S07_HE.ome.tiff,62,47,15,0
5764,N211_S12_HE.ome.tiff,58,53,5,0
5787,N233_S11_HE.ome.tiff,120,111,9,0
4835,N426_S16_HE_temp.ome.tiff,2,2,0,0
5857,N180_S08_HE.ome.tiff,42,30,12,0
5571,N532_S10_HE.ome.tiff,18,18,0,0
5603,N216_S10_HE.ome.tiff,85,66,19,0
4644,N513_S14_HE.ome.tiff,88,88,0,0
4750,N398_S15_HE.ome.tiff,3,3,0,0
4994,N462_S11_HE.ome.tiff,58,58,0,0
5037,N495_S13_HE.ome.tiff,62,62,0,0
5193,N446_S10_HE.ome.tiff,59,59,0,0
3420,N365_S16_HE.ome.tiff,2,2,0,0
3462,N359_S13_HE.ome.tiff,4,4,0,0
5312,N152_S06_HE.ome.tiff,29,17,12,0
5429,N351_S13_HE.ome.tiff,2,2,0,0
5503,N273_S09_HE.ome.tiff,107,80,27,0
5712,N214_S13_HE.ome.tiff,111,103,8,0
4554,N512_S10_HE.ome.tiff,81,81,0,0
4645,N513_S16_HE.ome.tiff,3,3,0,0
4708,N393_S11_HE.ome.tiff,16,16,0,0
5038,N495_S14_HE.ome.tiff,27,27,0,0
5743,N187_S10_HE.ome.tiff,37,22,15,0
3421,N365_S14_HE.ome.tiff,3,3,0,0
3463,N359_S11_HE.ome.tiff,12,12,0,0
5313,N150_S07_HE.ome.tiff,74,70,4,0
5430,N356_S17_HE.ome.tiff,26,26,0,0
5572,N532_S11_HE.ome.tiff,21,21,0,0
5604,N216_S11_HE.ome.tiff,83,60,23,0
5816,N236_S08_HE.ome.tiff,49,37,12,0
4555,N512_S12_HE.ome.tiff,163,163,0,0
4646,N516_S11_HE.ome.tiff,38,38,0,0
4752,N395_S21_HE.ome.tiff,4,4,0,0
4951,N448_S11_HE.ome.tiff,8,8,0,0
4996,N462_S12_HE.ome.tiff,10,10,0,0
5039,N495_S15_HE.ome.tiff,10,10,0,0
5152,N488_S09_HE.ome.tiff,32,32,0,0
5195,N443_S15_HE.ome.tiff,9,9,0,0
5713,N215_S11_HE.ome.tiff,95,88,7,0
5744,N187_S11_HE.ome.tiff,32,14,18,0
3422,N365_S12_HE.ome.tiff,12,12,0,0
5767,N220_S12_HE.ome.tiff,94,94,0,0
3464,N359_S08_HE.ome.tiff,21,21,0,0
5314,N152_S07_HE.ome.tiff,105,80,25,0
5431,N356_S18_HE.ome.tiff,86,86,0,0
5573,N532_S12_HE.ome.tiff,33,33,0,0
5605,N216_S12_HE.ome.tiff,164,146,18,0
5640,N122_S07_HE.ome.tiff,54,43,11,0
4556,N512_S11_HE.ome.tiff,33,33,0,0
4647,N516_S12_HE.ome.tiff,40,40,0,0
4710,N511_S15_HE.ome.tiff,37,37,0,0
4753,N398_S16_HE.ome.tiff,95,95,0,0
4796,N436_S11_HE.ome.tiff,42,42,0,0
4839,N429_S11_HE.ome.tiff,92,92,0,0
5040,N495_S17_HE.ome.tiff,4,4,0,0
5089,N483_S20_HE.ome.tiff,29,29,0,0
5153,N488_S10_HE.ome.tiff,23,23,0,0
5196,N446_S12_HE.ome.tiff,53,53,0,0
5768,N211_S13_HE.ome.tiff,50,46,4,0
3423,N365_S10_HE.ome.tiff,23,23,0,0
3465,N359_S15_HE.ome.tiff,5,5,0,0
5432,N356_S22_HE.ome.tiff,36,36,0,0
5574,N532_S13_HE.ome.tiff,29,29,0,0
5606,N217_S08_HE.ome.tiff,45,45,0,0
4558,N514_S11_HE.ome.tiff,60,60,0,0
4559,N515_S09_HE.ome.tiff,65,65,0,0
4648,N516_S13_HE.ome.tiff,19,19,0,0
4840,N429_S12_HE.ome.tiff,144,144,0,0
4953,N448_S13_HE.ome.tiff,40,40,0,0
5041,N495_S16_HE.ome.tiff,5,5,0,0
5154,N489_S15_HE.ome.tiff,4,4,0,0
5240,N483_S25_HE.ome.tiff,11,11,0,0
3424,N365_S15_HE.ome.tiff,3,3,0,0
5575,N532_S14_HE.ome.tiff,23,23,0,0
5607,N217_S09_HE.ome.tiff,35,35,0,0
5685,N209_S12_HE.ome.tiff,39,39,0,0
5715,N216_S13_HE.ome.tiff,60,60,0,0
5769,N220_S13_HE.ome.tiff,20,20,0,0
5819,N236_S09_HE.ome.tiff,40,33,7,0
4560,N514_S13_HE.ome.tiff,29,29,0,0
4649,N516_S14_HE.ome.tiff,18,18,0,0
4650,N516_S15_HE.ome.tiff,3,3,0,0
4712,N393_S13_HE.ome.tiff,14,14,0,0
4954,N448_S15_HE.ome.tiff,37,37,0,0
5155,N488_S11_HE.ome.tiff,6,6,0,0
3425,N366_S12_HE.ome.tiff,4,4,0,0
5608,N217_S14_HE.ome.tiff,24,24,0,0
4562,N514_S12_HE.ome.tiff,63,63,0,0
4651,N517_S09_HE.ome.tiff,27,27,0,0
4755,N398_S17_HE_Deeper.ome.tiff,58,58,0,0
5092,N483_S19_HE.ome.tiff,7,7,0,0
3426,N365_S13_HE.ome.tiff,8,8,0,0
5435,N155_S11_HE.ome.tiff,77,72,5,0
5577,N532_S15_HE.ome.tiff,7,7,0,0
5644,N122_S08_HE.ome.tiff,71,60,11,0
5717,N224_S11_HE.ome.tiff,87,82,5,0
4607,N527_S09_HE.ome.tiff,10,10,0,0
4652,N516_S16_HE.ome.tiff,11,11,0,0
4800,N436_S15_HE.ome.tiff,45,45,0,0
4843,N429_S14_HE.ome.tiff,150,150,0,0
5158,N490_S18_HE.ome.tiff,40,40,0,0
5200,N449_S19_HE.ome.tiff,28,28,0,0
3427,N366_S13_HE.ome.tiff,15,15,0,0
5578,N532_S17_HE.ome.tiff,4,4,0,0
4564,N515_S11_HE.ome.tiff,30,30,0,0
4653,N517_S10_HE.ome.tiff,80,80,0,0
4801,N436_S23_HE.ome.tiff,13,13,0,0
4844,N429_S16_HE.ome.tiff,44,44,0,0
4957,N449_S12_HE.ome.tiff,149,149,0,0
5094,N483_S29_HE.ome.tiff,5,5,0,0
5159,N490_S19_HE.ome.tiff,3,3,0,0
5201,N455_S13_HE.ome.tiff,36,36,0,0
5547,N530_S09_HE.ome.tiff,2,2,0,0
5645,N133_S05_HE_Deeper_3.ome.tiff,87,87,0,0
5280,N132_S14_HE_Deeper.ome.tiff,3,3,0,0
5719,N224_S12_HE.ome.tiff,63,50,13,0
7083,CMU-1.tiff,1,1,0,0
6658,N159_S05_HE.ome.tiff,103,87,16,0
6596,N214_S14_HE.ome.tiff,80,80,0,0
6597,N215_S10_HE.ome.tiff,82,65,17,0
6598,N215_S12_HE.ome.tiff,183,167,16,0
6599,N220_S09_HE.ome.tiff,69,61,8,0
6600,N220_S10_HE.ome.tiff,145,138,7,0
6602,N223_S08_HE.ome.tiff,39,12,27,0
6603,N223_S09_HE.ome.tiff,13,13,0,0
6606,N181_S07_HE.ome.tiff,91,79,12,0
6607,N210_S10_HE.ome.tiff,136,125,11,0
6608,N210_S11_HE.ome.tiff,91,67,24,0
6653,N147_S09_HE.ome.tiff,163,149,14,0
6656,N157_S05_HE.ome.tiff,113,89,24,0
6662,N164_S06_HE.ome.tiff,30,30,0,0
6667,N186_S11_HE.ome.tiff,62,50,12,0
6668,N188_S07_HE.ome.tiff,46,30,16,0
6670,N191_S11_HE.ome.tiff,74,60,14,0
6672,N191_S13_HE.ome.tiff,115,109,6,0
6604,N223_S10_HE.ome.tiff,27,12,15,0
6674,N191_S15_HE.ome.tiff,128,104,24,0
6675,N209_S10_HE.ome.tiff,14,14,0,0
6676,N209_S16_HE.ome.tiff,44,44,0,0
6685,N501_S11_HE.ome.tiff,48,48,0,0
6686,N501_S12_HE.ome.tiff,47,47,0,0
6687,N501_S13_HE.ome.tiff,28,28,0,0
6695,N419_S11_HE.ome.tiff,50,50,0,0
6697,N419_S13_HE.ome.tiff,40,40,0,0
6706,N427_S17_HE.ome.tiff,23,23,0,0
6709,N436_S19_HE.ome.tiff,7,7,0,0
6725,N437_S16_HE.ome.tiff,2,2,0,0
6711,N442_S10_HE_temp.ome.tiff,28,28,0,0
6732,N417_S09_HE.ome.tiff,108,108,0,0
6733,N417_S10_HE.ome.tiff,86,86,0,0
6735,N417_S12_HE.ome.tiff,174,174,0,0
6741,N418_S12_HE.ome.tiff,47,47,0,0
6742,N418_S13_HE.ome.tiff,48,48,0,0
6747,N419_S14_HE.ome.tiff,23,23,0,0
6749,N422_S11_HE.ome.tiff,40,40,0,0
6750,N422_S12_HE.ome.tiff,58,58,0,0
6751,N422_S13_HE.ome.tiff,42,42,0,0
6758,N427_S10_HE.ome.tiff,57,57,0,0
6829,N548_S08_HE.ome.tiff,50,50,0,0
6830,N548_S09_HE.ome.tiff,162,162,0,0
6832,N548_S11_HE.ome.tiff,94,94,0,0
6833,N548_S12_HE.ome.tiff,42,42,0,0
6834,N548_S13_HE.ome.tiff,90,90,0,0
6839,N548_S17_HE.ome.tiff,6,6,0,0
6841,N549_S10_HE.ome.tiff,38,38,0,0
6844,N549_S13_HE.ome.tiff,94,94,0,0
6847,N549_S16_HE.ome.tiff,50,50,0,0
6850,N550_S08_HE.ome.tiff,87,87,0,0
6851,N550_S09_HE.ome.tiff,113,113,0,0
6852,N550_S10_HE.ome.tiff,78,78,0,0
6853,N550_S11_HE.ome.tiff,76,76,0,0
6854,N550_S12_HE.ome.tiff,42,42,0,0
6855,N550_S13_HE.ome.tiff,56,56,0,0
6857,N550_S15_HE.ome.tiff,3,3,0,0
4511,N518_S10_HE.ome.tiff,43,43,0,0
4512,N518_S11_HE.ome.tiff,36,36,0,0
4514,N518_S13_HE.ome.tiff,28,28,0,0
4516,N518_S15_HE.ome.tiff,61,61,0,0
4517,N518_S17_HE.ome.tiff,22,22,0,0
5580,N532_S16_HE.ome.tiff,6,6,0,0
4803,N436_S17_HE.ome.tiff,7,7,0,0
4804,N436_S18_HE.ome.tiff,10,10,0,0
4883,N441_S12_HE.ome.tiff,55,55,0,0
4720,N393_S14_HE.ome.tiff,15,15,0,0
3430,N366_S18_HE.ome.tiff,20,20,0,0
6889,N553_S10_HE.ome.tiff,12,12,0,0
6891,N553_S11_HE.ome.tiff,41,41,0,0
6892,N553_S12_HE.ome.tiff,61,61,0,0
6894,N553_S13_HE.ome.tiff,49,49,0,0
6896,N553_S14_HE.ome.tiff,59,59,0,0
6898,N553_S15_HE.ome.tiff,40,40,0,0
6900,N553_S16_HE.ome.tiff,10,10,0,0
6901,N553_S17_HE.ome.tiff,27,27,0,0
6903,N553_S18_HE.ome.tiff,4,4,0,0
5315,N152_S08_HE.ome.tiff,85,69,16,0
6595,N213_S12_HE.ome.tiff,15,9,6,0
3431,N367_S17_HE.ome.tiff,2,2,0,0
4853,N433_S10_HE.ome.tiff,22,22,0,0
3391,N362_S09_HE.ome.tiff,31,31,0,0
3435,N366_S16_HE.ome.tiff,19,19,0,0
4725,N394_S16_HE.ome.tiff,54,54,0,0
3393,N360_S14_HE.ome.tiff,3,3,0,0
4619,N527_S16_HE.ome.tiff,54,54,0,0
3438,N367_S13_HE.ome.tiff,12,12,0,0
5366,N154_S11_HE.ome.tiff,46,26,20,0
4686,N504_S15_HE.ome.tiff,43,43,0,0
5582,N533_S12_HE.ome.tiff,140,140,0,0
5447,N162_S10_HE.ome.tiff,14,14,0,0
4625,N502_S11_HE.ome.tiff,86,86,0,0
5449,N164_S08_HE.ome.tiff,39,31,8,0
5652,N147_S10_HE.ome.tiff,144,125,19,0
3444,N369_S16_HE.ome.tiff,24,24,0,0
4480,N151_S11_HE.ome.tiff,113,113,0,0
4777,N389_S12_HE.ome.tiff,32,32,0,0
3445,N369_S11_HE.ome.tiff,50,50,0,0
4692,N509_S10_HE.ome.tiff,91,91,0,0
3404,N362_S15_HE.ome.tiff,38,38,0,0
5724,N224_S13_HE.ome.tiff,34,26,8,0
5590,N534_S10_HE.ome.tiff,39,39,0,0
5072,N479_S17_HE.ome.tiff,6,6,0,0
5259,N390_S15_HE.ome.tiff,3,3,0,0
4588,N522_S13_HE.ome.tiff,16,16,0,0
4591,N514_S10_HE.ome.tiff,159,159,0,0
5119,N490_S16_HE.ome.tiff,65,65,0,0
4592,N514_S08_HE.ome.tiff,62,62,0,0
5459,N358_S13_HE.ome.tiff,32,32,0,0
4546,N508_S10_HE.ome.tiff,33,33,0,0
5383,N158_S10_HE.ome.tiff,61,35,26,0
5497,N263_S12_HE.ome.tiff,56,56,0,0
5233,N481_S10_HE.ome.tiff,47,47,0,0
5464,N163_S10_HE.ome.tiff,18,18,0,0
4642,N513_S13_HE.ome.tiff,19,19,0,0
4552,N512_S08_HE.ome.tiff,25,25,0,0
4553,N512_S09_HE.ome.tiff,39,39,0,0
5638,N163_S08_HE.ome.tiff,43,34,9,0
5151,N488_S08_HE.ome.tiff,25,25,0,0
5505,N273_S10_HE.ome.tiff,115,97,18,0
4557,N512_S13_HE.ome.tiff,22,22,0,0
5745,N188_S05_HE.ome.tiff,57,41,16,0
5818,N236_S10_HE.ome.tiff,21,14,7,0
5746,N187_S12_HE.ome.tiff,18,7,11,0
4561,N515_S10_HE.ome.tiff,138,138,0,0
4563,N514_S14_HE.ome.tiff,13,13,0,0
5093,N483_S21_HE.ome.tiff,12,12,0,0
5437,N161_S07_HE.ome.tiff,40,40,0,0
6601,N220_S11_HE.ome.tiff,113,88,25,0
6666,N186_S10_HE.ome.tiff,33,24,9,0
6683,N212_S13_HE.ome.tiff,51,43,8,0
6740,N418_S11_HE.ome.tiff,14,14,0,0
6831,N548_S10_HE.ome.tiff,139,139,0,0
6856,N550_S14_HE.ome.tiff,39,39,0,0
6929,N555_S09_HE.ome.tiff,36,36,0,0
6931,N555_S10_HE.ome.tiff,68,68,0,0
6932,N555_S11_HE.ome.tiff,62,62,0,0
6934,N555_S12_HE.ome.tiff,74,74,0,0
6936,N555_S13_HE.ome.tiff,36,36,0,0
6940,N555_S15_HE.ome.tiff,77,77,0,0
6941,N555_S16_HE.ome.tiff,67,67,0,0
6942,N559_S10_HE.ome.tiff,2,2,0,0
6950,N559_S15_HE.ome.tiff,18,18,0,0
6952,N559_S16_HE.ome.tiff,33,33,0,0
6954,N559_S17_HE.ome.tiff,18,18,0,0
6938,N555_S14_HE.ome.tiff,40,40,0,0
6944,N559_S11_HE.ome.tiff,28,28,0,0
6946,N559_S12_HE.ome.tiff,29,29,0,0
6947,N559_S13_HE.ome.tiff,21,21,0,0
6949,N559_S14_HE.ome.tiff,9,9,0,0
6955,N559_S18_HE.ome.tiff,5,5,0,0
7288,N634_S11_HE.ome.tiff,53,53,0,0
7290,N634_S13_HE.ome.tiff,68,68,0,0
7291,N634_S14_HE.ome.tiff,24,24,0,0
7240,Image046.ome.tiff,59,0,59,0
7236,Image047.ome.tiff,58,0,58,0
7234,Image048.ome.tiff,68,0,68,0
7231,Image049.ome.tiff,39,0,39,0
7226,Image050.ome.tiff,95,0,95,0
7229,Image051.ome.tiff,59,59,0,0
7235,Image052.ome.tiff,96,96,0,0
7225,Image053.ome.tiff,71,71,0,0
7237,Image054.ome.tiff,155,155,0,0
7224,Image055.ome.tiff,5,5,0,0
7242,Image056.ome.tiff,52,52,0,0
7244,Image057.ome.tiff,36,36,0,0
7232,Image058.ome.tiff,115,115,0,0
7233,Image059.ome.tiff,47,47,0,0
7230,Image060.ome.tiff,31,31,0,0
7228,Image061.ome.tiff,81,81,0,0
7243,Image062.ome.tiff,29,29,0,0
7238,Image063.ome.tiff,49,49,0,0
7227,Image064.ome.tiff,76,76,0,0
7241,Image065.ome.tiff,94,94,0,0
7239,Image066.ome.tiff,65,65,0,0
7605,N545_S12_HE.ome.tiff,58,58,0,0
7619,N557_S13_HE.ome.tiff,67,67,0,0
7650,N589_S11_HE.ome.tiff,16,16,0,0
7703,N589_S14_HE.ome.tiff,16,16,0,0
7706,N598_S09_HE.ome.tiff,42,42,0,0
7753,N598_S11_HE.ome.tiff,52,52,0,0
7755,N598_S12_HE.ome.tiff,23,23,0,0
7789,N603_S16_HE.ome.tiff,47,47,0,0
7774,N617_S08_HE.ome.tiff,30,30,0,0
7782,N617_S12_HE.ome.tiff,98,98,0,0
7777,N617_S15_HE.ome.tiff,86,86,0,0
7772,N624_S09_HE.ome.tiff,34,34,0,0
7775,N624_S11_HE.ome.tiff,127,127,0,0
7771,N624_S13_HE.ome.tiff,112,112,0,0
7763,N568_S20_HE.ome.tiff,10,10,0,0
7705,N589_S17_HE.ome.tiff,9,9,0,0
7786,N603_S11_HE.ome.tiff,4,4,0,0
7791,N603_S14_HE.ome.tiff,28,28,0,0
7799,N609_S09_HE.ome.tiff,6,6,0,0
7800,N609_S12_HE.ome.tiff,63,63,0,0
7807,N609_S17_HE.ome.tiff,27,27,0,0
7825,N614_S09_HE.ome.tiff,26,26,0,0
7830,N614_S12_HE.ome.tiff,41,41,0,0
7824,N614_S14_HE.ome.tiff,111,111,0,0
7811,N623_S09_HE.ome.tiff,50,50,0,0
7808,N623_S10_HE.ome.tiff,58,58,0,0
7813,N625_S11_HE.ome.tiff,84,84,0,0
7821,N625_S12_HE.ome.tiff,207,207,0,0
7817,N625_S13_HE.ome.tiff,55,55,0,0
7861,N576_S13_HE.ome.tiff,9,9,0,0
7810,N623_S12_HE.ome.tiff,15,15,0,0
7906,N566_S14_HE.ome.tiff,100,100,0,0
7874,N588_S16_HE.ome.tiff,47,47,0,0
7867,N588_S17_HE.ome.tiff,118,118,0,0
8016,N570_S15_HE.ome.tiff,37,37,0,0
8197,N564_S12_HE.ome.tiff,53,53,0,0
8199,N564_S14_HE.ome.tiff,89,89,0,0
8209,N564_S21_HE.ome.tiff,15,15,0,0
8836,275_S15.ome.tiff,7,7,0,0
7599,N545_S15_HE.ome.tiff,177,177,0,0
7600,N545_S17_HE.ome.tiff,56,56,0,0
7620,N557_S14_HE.ome.tiff,56,56,0,0
7613,N557_S16_HE.ome.tiff,17,17,0,0
7484,N558_S12_HE.ome.tiff,14,14,0,0
7486,N558_S16_HE.ome.tiff,30,30,0,0
7750,N568_S14_HE.ome.tiff,30,30,0,0
7756,N568_S16_HE.ome.tiff,29,29,0,0
7483,N558_S14_HE.ome.tiff,25,25,0,0
7901,N566_S16_HE.ome.tiff,45,45,0,0
7898,N566_S17_HE.ome.tiff,18,18,0,0
7611,N572_S07_HE.ome.tiff,53,53,0,0
7617,N572_S08_HE.ome.tiff,77,77,0,0
7610,N572_S09_HE.ome.tiff,35,35,0,0
7608,N572_S10_HE.ome.tiff,17,17,0,0
7879,N588_S11_HE.ome.tiff,78,78,0,0
7909,N570_S11_HE.ome.tiff,65,65,0,0
7910,N570_S12_HE.ome.tiff,60,60,0,0
7911,N570_S13_HE.ome.tiff,69,69,0,0
7869,N575_S09_HE.ome.tiff,22,22,0,0
7851,N575_S10_HE.ome.tiff,32,32,0,0
7859,N575_S11_HE.ome.tiff,34,34,0,0
7852,N576_S11_HE.ome.tiff,18,18,0,0
7866,N576_S14_HE.ome.tiff,29,29,0,0
7890,N580_S08_HE.ome.tiff,68,68,0,0
7883,N580_S10_HE.ome.tiff,27,27,0,0
7884,N580_S11_HE.ome.tiff,14,14,0,0
7858,N583_S08_HE.ome.tiff,94,94,0,0
7865,N583_S10_HE.ome.tiff,118,118,0,0
7862,N583_S11_HE.ome.tiff,120,120,0,0
7889,N585_S11_HE.ome.tiff,13,13,0,0
7895,N585_S12_HE.ome.tiff,63,63,0,0
7885,N585_S13_HE.ome.tiff,111,111,0,0
9157,N144_S08_HE.ome.tiff,27,27,0,0
9158,N279_S11_HE.ome.tiff,10,10,0,0
8832,275_S14.ome.tiff,10,10,0,0
9159,N144_S07_HE.ome.tiff,8,8,0,0
9160,N279_S13_HE.ome.tiff,43,43,0,0
8834,275_S13.ome.tiff,10,10,0,0
9161,N302_S11_HE.ome.tiff,33,33,0,0
9162,N302_S12_HE.ome.tiff,121,121,0,0
9163,N279_S12_HE.ome.tiff,19,19,0,0
9164,N302_S13_HE.ome.tiff,70,70,0,0
